date,gdelt_goldstein,gdelt_tone,gdelt_conflict_cnt,gdelt_coop_cnt,gdelt_mentions,gdelt_conflict_intensity
2022-01-03,0.05542635658914725,-2.806800924196983,152,364,3795,-5.624489795918367
2022-01-04,-0.0871019108280255,-2.944904058374655,395,861,7173,-5.733060109289618
2022-01-05,0.3208333333333333,-2.6044076611077474,368,1096,8750,-5.6635294117647055
2022-01-06,-0.06510812390414972,-2.8939331598025486,540,1171,11434,-5.7592741935483875
2022-01-07,0.5390643985419198,-2.6247809633790897,461,1185,9780,-5.777168949771689
2022-01-10,0.07606602475928471,-2.678677420930075,204,523,4456,-6.608510638297873
2022-01-11,0.11604519774011299,-3.327481317565158,531,1239,12093,-5.979522862823062
2022-01-12,1.0089954038082731,-1.9106407899390037,349,1174,9501,-5.336075949367088
2022-01-13,0.312586926286509,-2.6025417329594105,412,1026,7985,-5.872704081632654
2022-01-14,0.08081067213955868,-2.9556095688117394,633,1316,13618,-5.9046979865771805
2022-01-17,0.6672451193058568,-2.6694696628308336,114,347,2454,-5.851515151515151
2022-01-18,0.7830025884383088,-1.9430375531445017,265,894,6685,-5.719421487603307
2022-01-19,0.422517394054396,-2.380656798242558,410,1171,9198,-5.839678284182305
2022-01-20,0.4468292682926829,-2.3744603526510617,406,1029,9443,-5.8065040650406505
2022-01-21,0.38951768488745986,-3.0350008097374395,420,1135,10098,-5.305115089514067
2022-01-24,0.6150427350427351,-2.853235594469137,139,446,4398,-5.488188976377953
2022-01-25,0.3257009345794392,-2.4404755646140264,503,1209,10195,-5.694067796610169
2022-01-26,0.44641350210970465,-2.090950106411211,447,1212,10409,-5.7636803874092015
2022-01-27,0.4223655913978494,-2.466805370722126,500,1360,11505,-5.828665207877461
2022-01-28,0.21761691223574628,-2.417087930931809,465,1096,9017,-5.806264501160093
2022-01-31,0.009183673469387726,-2.5346326632818084,150,340,3036,-5.934328358208955
2022-02-01,0.30971198928332205,-2.8870137480225506,411,1082,8839,-5.669922879177378
2022-02-02,0.6273623188405796,-1.9031270743729138,415,1310,10560,-6.084905660377358
2022-02-03,0.9651565622918054,-2.176907163395981,347,1154,10188,-6.004388714733542
2022-02-04,0.23707729468599026,-3.1512866819033727,483,1173,9642,-5.921573033707866
2022-02-07,0.44678714859437757,-2.322216252215608,119,379,2887,-6.637272727272727
2022-02-08,0.1732474964234621,-2.6282362073922725,431,967,7886,-5.774752475247524
2022-02-09,0.19708794408852642,-3.053948377289315,499,1218,10086,-5.889079229122055
2022-02-10,0.6347664543524416,-2.353174060751878,482,1402,11038,-5.740732265446224
2022-02-11,0.11905882352941179,-3.070947564101036,511,1189,9077,-6.0897703549060545
2022-02-14,-0.3085039370078741,-2.571463001226763,211,424,3705,-6.826153846153847
2022-02-15,0.537762825904121,-2.4045621481039716,321,868,7323,-5.780344827586208
2022-02-16,0.715151515151515,-2.5098902512558685,512,1468,11657,-5.668965517241379
2022-02-17,0.5979987088444157,-2.5546201289502437,414,1135,8788,-5.117663043478261
2022-02-18,0.16407219402143264,-3.0085400562868214,533,1240,10119,-5.897119341563786
2022-02-21,0.3509907529722589,-2.942377631172734,196,561,4450,-6.296739130434782
2022-02-22,0.6919821826280623,-2.515276753261109,359,988,8601,-5.045230769230769
2022-02-23,0.020529373789541675,-3.6390716594462162,496,1053,9274,-5.739077669902913
2022-02-24,0.287986834887548,-2.9635329090799787,541,1282,10976,-5.650884955752213
2022-02-25,-0.19356456330965313,-4.154364421064022,830,1563,20621,-5.671428571428571
2022-02-28,0.35201612903225804,-2.8159744632072985,317,675,6156,-5.847169811320755
2022-03-01,0.2979725700655933,-2.792979368182593,511,1166,10162,-5.731838565022421
2022-03-02,0.2529448621553884,-2.1247996007103724,443,1153,8972,-6.230769230769231
2022-03-03,0.28406819517930626,-2.924014162275475,525,1176,10903,-5.465806451612904
2022-03-04,-0.1660009741841209,-3.2042668587712577,690,1363,11483,-5.926760563380282
2022-03-07,-0.36300639658848616,-3.7240513163059226,325,613,5718,-6.391821561338291
2022-03-08,0.5054871220604703,-2.8737371863430448,508,1278,9650,-5.541176470588235
2022-03-09,0.6667565139263253,-2.669691602306144,625,1601,13726,-5.043643263757116
2022-03-10,0.5701508620689654,-2.584410019636238,504,1352,10633,-5.3
2022-03-11,0.6695603784084584,-3.0198727389445033,476,1321,9785,-5.322499999999999
2022-03-14,-0.6695356738391847,-3.683484622004487,335,548,5310,-6.7398753894081
2022-03-15,0.31292407108239095,-2.893443299734102,351,887,7015,-6.28282208588957
2022-03-16,0.10299438552713668,-2.9537423996143266,502,1101,10521,-6.050663716814159
2022-03-17,0.3892531876138433,-3.331968604850847,496,1151,8796,-5.692477876106195
2022-03-18,-0.19198931909212277,-2.773428222300999,468,1030,9351,-6.2549295774647895
2022-03-21,-0.52621776504298,-3.3608264001188055,251,447,4346,-6.411206896551724
2022-03-22,0.19848484848484843,-2.472263257007261,382,872,6884,-5.84985835694051
2022-03-23,0.2571338383838384,-3.050147914999574,488,1096,9334,-5.98512585812357
2022-03-24,0.22218700475435818,-3.107615186815677,383,879,7477,-5.234472934472934
2022-03-25,0.07540785498489416,-2.8499181869976113,509,1146,8298,-6.1446351931330465
2022-03-28,0.04091710758377428,-3.244827095088029,166,401,3152,-6.218791946308724
2022-03-29,0.7283621837549934,-2.8799933860213804,397,1105,8237,-5.385112359550561
2022-03-30,0.5422120418848168,-2.5658300913482686,409,1119,8425,-5.234903047091413
2022-03-31,0.5948350964530179,-2.5840281053133656,418,1189,8670,-5.4603626943005175
2022-04-01,-0.006963087248322229,-2.701347223604506,379,813,7072,-5.9377464788732395
2022-04-04,-0.08310502283105026,-3.4771404829356327,220,437,4360,-6.083510638297871
2022-04-05,0.11450381679389315,-2.7490099232630487,353,826,6959,-5.829607250755287
2022-04-06,0.003360215053763441,-3.056714020857538,483,1005,9752,-5.526540284360189
2022-04-07,-0.04460942543576496,-3.700938997821774,483,1066,10049,-5.9358574610245
2022-04-08,0.10145672664952873,-2.500346472050126,356,811,7735,-6.054109589041095
2022-04-11,0.2974958263772955,-3.0275005377110467,167,432,3566,-6.16887417218543
2022-04-12,0.3306686046511627,-3.0033272383115333,393,983,7080,-5.372826086956521
2022-04-13,-0.32420212765957457,-3.7467735540161384,513,991,8941,-5.822661122661122
2022-04-14,-0.009294436906377197,-3.2271686050233876,450,1024,8702,-6.469392523364486
2022-04-15,-0.06526492851135406,-2.9909203290271686,398,791,7157,-5.872395833333333
2022-04-18,0.4310055865921788,-3.361995156167138,103,255,2456,-5.875789473684211
2022-04-19,-0.12146226415094347,-2.9094115647050804,408,864,7241,-5.891556728232191
2022-04-20,-0.09162342475908078,-3.198173472112691,420,929,7684,-6.164175257731959
2022-04-21,0.34418772563176886,-2.7249659551209438,388,997,8084,-5.826123595505618
2022-04-22,0.2659722222222223,-2.480029734815161,381,915,8477,-5.447197640117994
2022-04-25,-0.2801762114537445,-3.1050840621440456,138,316,2303,-7.3765625
2022-04-26,0.6344760672703752,-2.385957150608953,414,1132,8258,-5.749738219895288
2022-04-27,0.3807288449660285,-3.2235207807375272,482,1137,8143,-5.484563758389262
2022-04-28,0.29468599033816417,-2.8004331945684755,425,1024,9078,-6.113541666666667
2022-04-29,0.25525059665871114,-2.8605905079099614,479,1197,9476,-5.5283146067415725
2022-05-02,0.709076923076923,-2.6536187093159738,148,502,3755,-6.46044776119403
2022-05-03,0.07611827141774065,-2.67834008160902,421,898,6750,-5.757452574525745
2022-05-04,0.07940320232896651,-3.141015050866393,432,942,8113,-5.639152119700748
2022-05-05,0.30902872777017787,-2.7455393965048684,436,1026,8304,-5.880856423173804
2022-05-06,0.13762458471760794,-2.8831867937345694,369,835,6595,-5.4189504373177835
2022-05-09,0.49092872570194385,-2.8111010795499682,114,349,2487,-6.074193548387098
2022-05-10,0.07501715854495536,-3.417461492366079,427,1030,8507,-5.997721518987342
2022-05-11,-0.09034267912772591,-3.2723681786099865,516,1089,8432,-5.852350427350427
2022-05-12,-0.004363905325443781,-3.2942041695300475,455,897,8036,-5.627727272727272
2022-05-13,0.541332323996972,-2.1228126584345697,366,955,7643,-5.569578313253012
2022-05-16,-0.8601336302895324,-2.944398000011564,307,591,5246,-7.399337748344372
2022-05-17,0.03172043010752685,-3.06211786043934,345,771,6523,-6.374842767295597
2022-05-18,0.2251526251526251,-2.8682678045420755,491,1149,8606,-5.890128755364807
2022-05-19,0.2316400580551524,-2.7894998458406346,396,982,7624,-5.745479452054796
2022-05-20,-0.1946640316205534,-2.900935861684904,485,1033,8333,-5.991208791208791
2022-05-23,-0.6775193798449611,-3.1324233555163676,182,334,2746,-6.257222222222222
2022-05-24,0.2945247933884298,-2.7705968780860832,295,673,4866,-5.938805970149255
2022-05-25,-1.725730688935282,-4.4311432954664856,805,1111,12584,-7.910103626943005
2022-05-26,-0.92372634643377,-3.154260403713647,752,1309,10957,-7.276901798063625
2022-05-27,-0.2959978070175439,-2.8722758025803485,578,1246,10330,-6.936
2022-05-30,-1.3689583333333337,-3.5565528899934833,170,310,3304,-7.762195121951219
2022-05-31,-0.5217125382262998,-2.885151147767555,215,439,3328,-7.674611398963731
2022-06-01,-0.24858712715855577,-3.048693253838476,388,886,7144,-6.484180790960452
2022-06-02,-0.21400449943757044,-2.904800361334772,562,1216,12231,-6.473929236499069
2022-06-03,-0.6169032258064515,-3.2932709866695364,559,991,9651,-6.39438202247191
2022-06-06,-0.6632653061224489,-2.810232270738767,167,274,3000,-6.956962025316456
2022-06-07,-0.0712146422628952,-2.4867463563278775,375,827,5846,-6.464722222222223
2022-06-08,0.14351503759398496,-1.9435007941018596,267,797,5924,-6.759126984126984
2022-06-09,-0.36298763082778307,-3.1683973065122633,379,672,5420,-5.7034682080924854
2022-06-10,-0.40460030165912525,-3.9143662490720064,464,862,7006,-6.521689497716895
2022-06-13,-0.20418410041841006,-3.330529861785969,146,332,2957,-6.334306569343066
2022-06-14,0.22707979626485564,-1.9903989972393572,337,841,6979,-6.11125
2022-06-15,0.4700787401574803,-2.079527641643155,264,752,5578,-5.810843373493976
2022-06-16,0.3577931034482758,-2.4019505692401113,391,1059,8099,-5.990304709141275
2022-06-17,0.4824150943396225,-2.1976710826459906,362,963,7303,-5.2595744680851055
2022-06-20,0.025179856115107948,-0.8175805496237681,105,312,2594,-7.010204081632653
2022-06-21,-0.2484626647144949,-2.2882779279875836,227,456,3979,-6.275115207373272
2022-06-22,0.40638012088650094,-2.8721611953264596,440,1049,9177,-5.453101736972704
2022-06-23,0.3941808415398389,-2.3837731047323163,299,818,6106,-5.9633802816901404
2022-06-24,0.7074183976261128,-2.050153624991759,409,1276,10948,-5.5360742705570285
2022-06-27,-0.5634259259259259,-2.8360774668426045,152,280,3425,-6.785034013605442
2022-06-28,0.07828947368421049,-2.9831161458519344,380,836,7524,-6.058119658119659
2022-06-29,0.07848807711821407,-3.1277732223145027,622,1349,13297,-5.588870151770657
2022-06-30,0.3141429669485011,-2.526259815064829,383,918,7917,-5.666388888888888
2022-07-01,0.10389718076285241,-2.7849047948271086,354,852,7287,-6.276086956521739
2022-07-04,0.42217573221757315,-1.9783914138438272,126,352,2356,-6.834482758620689
2022-07-05,-0.7417406749555949,-3.6341782354621333,173,390,3826,-7.587499999999999
2022-07-06,-0.6542899408284024,-3.5387288355234485,473,879,8182,-6.962272727272728
2022-07-07,-0.10329041487839775,-3.3371924290615818,465,933,7603,-5.725389755011135
2022-07-08,0.4282894736842106,-2.7043861892227814,398,970,7226,-5.929815303430078
2022-07-11,0.016704288939051872,-2.25720431762677,135,308,2733,-5.83828125
2022-07-12,0.24940944881889757,-2.5398799044877727,289,727,5622,-6.288847583643122
2022-07-13,-0.1526272577996716,-3.6485188114164844,397,821,6227,-5.733245382585753
2022-07-14,0.07854718262050232,-3.5241056939262285,426,1047,8784,-6.026582278481013
2022-07-15,0.07032863849765256,-2.949523494909967,329,736,5746,-6.109904153354633
2022-07-18,-0.45784114052953157,-3.6522834604560686,179,312,2852,-6.336875
2022-07-19,-0.1813840830449827,-3.5306247771580983,436,1009,7307,-6.381372549019609
2022-07-20,0.11625344352617074,-2.8167913435190037,321,768,5335,-6.038775510204082
2022-07-21,0.0315102548166563,-2.9273453685481976,472,1137,9243,-6.529061784897025
2022-07-22,0.39070996978851963,-1.920457205216453,331,993,6345,-6.366013071895424
2022-07-25,0.7255494505494506,-1.6811929318420575,92,272,1997,-5.436585365853658
2022-07-26,0.0850729517396184,-3.399221234640451,272,619,4614,-6.4573170731707314
2022-07-27,0.3110502283105023,-2.9474733006872005,313,782,6488,-5.619787985865725
2022-07-28,-0.16007812500000002,-3.0722136925314505,413,867,7341,-6.006666666666668
2022-07-29,0.2275409836065574,-3.5250886764511327,348,872,6472,-6.262349397590361
2022-08-01,-0.5038759689922481,-2.237754364606101,166,350,2824,-7.121379310344828
2022-08-02,-0.31685022026431725,-3.6726514568281505,314,594,4958,-6.486054421768708
2022-08-03,0.403068783068783,-2.791543685405302,260,685,5156,-5.6894067796610175
2022-08-04,0.26192468619246845,-2.2575886110499708,343,852,6315,-5.654088050314465
2022-08-05,-0.23010752688172048,-3.353556364747574,365,751,6077,-6.147813411078717
2022-08-08,0.6796728971962617,-2.1263422707076987,103,325,2070,-5.546236559139785
2022-08-09,-0.0335714285714286,-3.1301228178827607,461,939,7807,-5.981006864988558
2022-08-10,0.017180277349768885,-2.814177962989027,387,911,7806,-6.240970350404313
2022-08-11,-0.2301550387596899,-3.4030001437196633,417,873,7271,-5.598271604938271
2022-08-12,-0.4574468085106384,-2.9130800707264712,373,661,8405,-5.648611111111111
2022-08-15,0.4392370572207085,-2.6160048363245436,90,277,1790,-6.776190476190475
2022-08-16,-0.20868372943327237,-3.166912597190636,388,706,6339,-5.745277777777778
2022-08-17,0.0470588235294117,-3.020621609828594,337,734,6319,-5.680996884735202
2022-08-18,-0.08212689901697942,-2.917658225800928,346,773,6732,-5.770253164556962
2022-08-19,-0.17495769881556683,-3.1054674306840098,371,811,6607,-5.911204481792717
2022-08-22,-0.13138297872340435,-2.819749948798475,163,401,2622,-6.473717948717948
2022-08-23,0.46575144508670524,-2.94614371419029,378,1006,7753,-5.608215297450425
2022-08-24,-0.1701559020044544,-3.282593598322208,281,617,5013,-5.867924528301887
2022-08-25,-0.1957464553794829,-3.1351950652203517,415,784,6089,-5.632207792207793
2022-08-26,0.3091911764705883,-2.7316785454309533,371,989,7590,-5.800849858356941
2022-08-29,-0.07642679900744416,-2.914606706196904,113,290,2176,-6.6716981132075475
2022-08-30,-0.4767151767151769,-3.2388065339611916,334,628,6423,-6.543086816720257
2022-08-31,-0.06883018867924522,-3.318365508072287,413,912,7169,-5.987631578947369
2022-09-01,0.3877068557919622,-2.090359946194888,355,914,7379,-5.593636363636364
2022-09-02,0.35905688622754484,-3.1799490407820343,348,988,6665,-5.901529051987767
2022-09-05,-0.2503529411764706,-2.0837113875954705,124,301,2043,-6.936440677966102
2022-09-06,-0.16660988074957409,-2.231261785971348,165,422,2966,-6.383006535947713
2022-09-07,-0.1265037593984962,-2.3532664953913107,342,722,6128,-6.007739938080495
2022-09-08,0.02843951985226222,-2.663459347394985,334,749,6113,-5.61326860841424
2022-09-09,0.7363494539781591,-2.3261626895553946,331,951,7287,-5.177777777777778
2022-09-12,0.828894472361809,-2.340960240906184,91,307,2323,-5.928571428571429
2022-09-13,0.3364166666666667,-2.964961658467383,353,847,6808,-5.910559006211179
2022-09-14,0.5604632587859424,-3.0425672792623724,318,934,7670,-5.974750830564784
2022-09-15,0.32276816608996545,-2.5541795458642795,410,1035,7464,-5.8280205655527
2022-09-16,0.23720030935808198,-2.7644844373157618,383,910,7479,-5.497289972899729
2022-09-19,1.0943396226415094,-2.165916440819467,61,204,1485,-6.1258620689655165
2022-09-20,0.19406087602078692,-2.7067952281254333,387,960,7777,-5.956703910614525
2022-09-21,0.5701742627345844,-2.357568376925504,393,1099,7552,-5.6475543478260875
2022-09-22,0.13698201720093817,-2.9760155089315457,376,903,6623,-5.56016713091922
2022-09-23,-0.024670571010248894,-3.7808348049420575,448,918,7456,-5.5212713936430315
2022-09-26,-0.5598465473145781,-4.205545039383084,131,260,1986,-7.114516129032259
2022-09-27,0.5998287671232876,-2.901607267548998,314,854,6051,-5.886159169550172
2022-09-28,0.42767191383595676,-2.9385681363066976,343,864,7076,-6.061237785016287
2022-09-29,0.9206515058389674,-2.4497978020121174,386,1241,8993,-5.810027855153204
2022-09-30,1.048270893371758,-2.382505341564384,308,1080,7330,-5.268620689655172
2022-10-03,-0.05245614035087715,-3.7197062485996866,178,392,2533,-6.686792452830187
2022-10-04,0.24168514412416853,-3.0505333530422316,440,913,7348,-5.312807881773399
2022-10-05,-0.5700955180014695,-3.5970330652994082,493,868,6831,-6.843659043659044
2022-10-06,0.29612546125461253,-2.2847071542661506,322,762,6210,-5.744771241830065
2022-10-07,0.24979988564894218,-2.343884956178798,485,1264,10724,-6.231390134529147
2022-10-10,0.5649155722326452,-2.165056620221506,123,410,2565,-6.0103448275862075
2022-10-11,0.10105348460291731,-2.935854657630257,397,837,6767,-5.474798927613941
2022-10-12,0.020540156361051866,-2.470323864819321,439,968,7288,-5.678883495145631
2022-10-13,0.49581111957349583,-2.2288383050693454,366,947,7017,-5.505865102639296
2022-10-14,0.032696715049656266,-3.082799569577264,381,928,7976,-6.43646408839779
2022-10-17,-0.9578606158833063,-3.0551591796035273,233,384,3427,-7.073542600896862
2022-10-18,-0.15826944140197158,-3.0965359549541556,279,634,4590,-5.95189393939394
2022-10-19,0.7207369323050558,-2.9881105535657384,290,877,6003,-5.581021897810218
2022-10-20,0.422744014732965,-2.7449378916514835,317,769,6035,-5.47687074829932
2022-10-21,0.3531302876480542,-2.0825102983253716,323,859,6807,-5.2555183946488295
2022-10-24,0.12082474226804128,-3.5545051861400396,129,356,2219,-6.6463636363636365
2022-10-25,-0.22762148337595908,-3.3472268127517686,384,789,7784,-5.492021276595745
2022-10-26,0.42754934210526313,-2.6630107984841436,325,891,7799,-5.487697160883281
2022-10-27,0.0034220532319391202,-3.1224131529107426,399,916,6957,-6.013756613756613
2022-10-28,0.43268156424581,-2.79711349367883,295,779,5421,-5.670567375886525
2022-10-31,-0.012403100775193772,-3.214201649449188,130,257,2539,-5.3841269841269845
2022-11-01,-0.09633911368015417,-3.142680977398539,355,683,5216,-5.807164179104478
2022-11-02,0.28801399825021873,-2.5645821822810064,332,811,8329,-5.989423076923077
2022-11-03,-0.015635738831615037,-2.9645968532307103,351,813,7796,-5.889285714285714
2022-11-04,-0.013872832369942257,-3.2337254185808653,335,703,5558,-5.548397435897436
2022-11-07,-0.041191066997518594,-2.427649518142419,104,299,2509,-6.726213592233009
2022-11-08,0.8671013039117351,-1.6145845916270323,224,773,5757,-5.7981220657277
2022-11-09,0.3168685121107266,-1.8304939952592332,341,815,6922,-5.662820512820512
2022-11-10,0.010539018503620155,-2.846704959160176,432,811,6735,-5.647146401985112
2022-11-14,0.7063786008230452,-1.959261165147559,118,368,2365,-6.167961165048543
2022-11-15,0.361973018549747,-2.186508794601957,301,885,6192,-5.873571428571428
2022-11-16,-0.004953145917001359,-2.562420896147893,466,1028,9028,-5.6960280373831775
2022-11-17,0.10201706749418149,-2.6051006567230846,381,908,6977,-5.5986187845303865
2022-11-18,-0.4080394922425952,-3.4765800377338865,506,912,7761,-5.523440860215053
2022-11-21,-0.5516198704103671,-2.973207423264841,163,300,2074,-6.730967741935483
2022-11-22,-0.04779179810725555,-2.70465962916261,406,862,6840,-6.218701298701299
2022-11-23,0.3052772808586762,-2.2792505644806162,299,819,6787,-5.994623655913978
2022-11-24,-0.2418835192069393,-3.0137472581774625,267,540,4211,-5.5992277992277995
2022-11-25,0.7348894348894349,-2.0336574678128687,111,296,2150,-5.668932038834951
2022-11-28,-0.215339233038348,-3.094692419416679,106,233,2034,-6.009090909090909
2022-11-29,0.40074738415545597,-2.814721607809919,359,979,7391,-5.904573170731707
2022-11-30,0.17837837837837836,-2.6719536030968207,349,835,6791,-5.831610942249241
2022-12-01,0.32341941228851284,-2.4010067738926337,304,819,7389,-5.52902097902098
2022-12-02,0.759403905447071,-2.6189936280912347,246,727,6141,-5.098706896551724
2022-12-05,-0.5121621621621623,-3.3669883929138473,137,233,2272,-6.17007874015748
2022-12-06,0.19414519906323185,-2.610589575254004,259,595,4357,-5.539748953974895
2022-12-07,0.06374896779521051,-3.121078243165951,381,830,6887,-5.277472527472527
2022-12-08,-0.11253731343283582,-3.034466126645883,565,1110,8934,-5.504595588235294
2022-12-09,0.17126546146527122,-2.4006945715035295,327,724,6198,-5.34
2022-12-12,0.12141230068337126,-3.2592534327177285,120,319,2290,-6.360909090909091
2022-12-13,-0.011120689655172492,-2.797274606452322,366,794,6454,-6.069627507163324
2022-12-14,0.2096348096348096,-2.408756456214511,392,895,6247,-5.751302083333333
2022-12-15,0.012528132033008255,-2.7793521924380045,420,913,7085,-6.054987212276215
2022-12-16,-0.17401998462720994,-3.2009254009769226,430,871,7790,-5.759047619047619
2022-12-19,-0.15749385749385747,-3.360537255746453,144,263,2944,-5.790070921985816
2022-12-20,0.953609239653513,-2.9381737849363407,232,807,6782,-4.919444444444444
2022-12-21,0.5417935702199662,-3.1208982419884443,321,861,7061,-6.22987012987013
2022-12-22,0.4303656597774246,-2.9089246835642397,342,916,7873,-6.000625
2022-12-23,0.3486985726280436,-2.7682933109739043,363,828,6514,-5.55
2022-12-26,-0.8371345029239766,-2.7748314089991526,133,209,1973,-6.536697247706422
2022-12-27,0.22366412213740455,-2.659267221391545,155,369,3523,-5.888235294117647
2022-12-28,0.011658653846153798,-3.607641447457193,281,551,5872,-5.143303571428572
2022-12-29,0.4897091722595078,-2.8834550603681914,244,650,4995,-5.124423963133641
2022-12-30,0.3986904761904761,-2.4383212051315777,222,618,4949,-5.748648648648649
2023-01-02,-0.1023706896551724,-2.875029184389728,136,328,2529,-6.728125
2023-01-03,-0.66112,-2.85391416642418,227,398,3083,-6.126027397260275
2023-01-04,0.12860096485182623,-3.0135261585249067,445,1006,7851,-5.72219570405728
2023-01-05,0.014769765421372769,-3.3553798921502307,355,796,7611,-6.025825825825826
2023-01-06,0.10887850467289718,-3.3289505302994318,399,885,7194,-5.7586387434554975
2023-01-09,0.35319865319865323,-3.6228079938046025,165,429,3144,-6.113071895424836
2023-01-10,0.37785760940561725,-2.711882771422736,429,1102,8094,-5.836895674300253
2023-01-11,0.0690159574468085,-2.579481663417348,428,1076,7464,-6.0165413533834595
2023-01-12,0.6297116029510397,-2.1504380543945225,353,1138,8350,-5.522222222222222
2023-01-13,0.24540412044374008,-2.1897215761128788,346,916,8252,-5.775737704918033
2023-01-16,0.06530172413793103,-2.2353584426338142,125,339,2394,-7.026890756302522
2023-01-17,-0.05420560747663555,-2.371970637745028,273,583,4831,-6.368482490272373
2023-01-18,0.11865049279757384,-2.4962818422179174,404,915,6944,-5.953050397877985
2023-01-19,0.4087771203155818,-2.7090410001496235,514,1514,10641,-5.8237394957983195
2023-01-20,0.13489932885906034,-2.5136620179018054,388,953,7785,-5.4
2023-01-23,-0.3841538461538461,-2.529092163876018,202,448,3471,-6.059473684210526
2023-01-24,-0.4099290780141844,-3.796171998863901,520,1031,8615,-6.527494908350305
2023-01-25,0.4007159904534607,-2.3181970082608654,323,934,7439,-5.493265993265993
2023-01-26,-0.20805515239477507,-3.30585100710912,465,913,8736,-5.802304147465438
2023-01-27,-0.1520453115166772,-3.5720562110259184,495,1094,8663,-6.094957983193277
2023-01-30,0.08845500848896436,-3.587105085356525,171,418,3279,-6.874838709677419
2023-01-31,0.3106620808254514,-2.706204898780124,340,823,6765,-5.155451713395639
2023-02-01,0.27996918335901383,-3.3746686965231616,336,962,7179,-5.938095238095238
2023-02-02,0.5352409638554216,-2.323055642696765,424,1236,10925,-5.906870229007634
2023-02-03,0.18260340632603403,-3.0324135916255797,470,1174,8748,-6.059681093394078
2023-02-06,0.2370510396975425,-2.7197362901638447,164,365,3053,-5.847468354430379
2023-02-07,0.1679475982532751,-2.5939529198047224,336,809,6065,-6.245980707395498
2023-02-08,0.18735207100591708,-2.800494716622138,396,956,6472,-6.1300561797752815
2023-02-09,0.15336500395882818,-2.977896615036571,365,898,7468,-5.726299694189603
2023-02-10,-0.11385911179173049,-3.005932170466541,392,914,6541,-6.186486486486486
2023-02-13,-0.48330605564648127,-2.55206612665229,209,402,3976,-6.081538461538462
2023-02-14,0.02714497041420109,-1.9880128164656825,397,955,7663,-6.219623655913978
2023-02-15,-0.3777128547579299,-2.874517729572179,405,793,6512,-6.435917312661498
2023-02-16,0.17198347107438014,-2.4023514790321805,360,850,6678,-5.831686046511628
2023-02-17,0.27753023551877787,-2.7557716222567965,434,1137,7987,-5.632169576059851
2023-02-20,-0.6973333333333335,-2.030374969064092,143,307,2618,-6.819117647058824
2023-02-21,0.42022900763358767,-2.0205349235570096,286,762,5550,-6.093632958801498
2023-02-22,0.2324667822068168,-2.8034893528451468,508,1223,9289,-5.609832635983263
2023-02-23,0.7244105409153953,-2.8054595920160725,337,1105,8154,-6.069333333333334
2023-02-24,-0.32768729641693817,-3.950369027036057,523,1012,8792,-6.135403726708073
2023-02-27,0.32178030303030297,-2.9617511957347835,154,374,2654,-5.14962962962963
2023-02-28,0.5685884691848907,-2.6952202413056323,262,744,5114,-5.875965665236051
2023-03-01,0.38779822767552835,-2.399622471621622,398,1069,7193,-5.663660477453581
2023-03-02,-0.2791252485089463,-3.5952502175804977,336,670,5969,-5.895498392282958
2023-03-03,0.5271698113207546,-2.281303365991207,388,1202,7717,-5.738440111420614
2023-03-06,0.12184065934065934,-3.2960384243069063,194,534,4257,-6.153723404255319
2023-03-07,0.3333333333333333,-2.6306997990356833,359,1018,7872,-6.0344311377245505
2023-03-08,0.4383029341792229,-2.968053254476687,351,910,6694,-5.3373860182370825
2023-03-10,0.08643263757115738,-2.5994808674734164,306,748,5841,-6.142087542087542
2023-03-13,0.17365853658536587,-3.3725674842571207,171,444,3381,-5.551807228915662
2023-03-14,0.747007042253521,-2.4529182972189063,289,847,6680,-5.48021978021978
2023-03-15,0.49585834333733486,-3.311957841936454,431,1235,10180,-5.619268292682927
2023-03-16,0.516765140324963,-2.714874007754815,352,1002,8511,-5.1020958083832335
2023-03-17,0.5283068783068783,-2.517519189317406,302,832,6747,-5.54006968641115
2023-03-20,0.3721854304635761,-3.3353455913766146,167,437,3788,-5.481578947368422
2023-03-21,0.44903777619387025,-2.6556602197834884,384,1022,8117,-5.649586776859505
2023-03-24,-0.07832310838445819,-2.9227970596207946,610,1346,11533,-5.9521815008726
2023-03-27,0.4508749999999999,-2.769237031598939,211,589,4246,-5.637948717948718
2023-03-28,-0.18899371069182397,-2.965087055556463,570,1338,10781,-6.7756906077348065
2023-03-29,-0.3626607319485658,-2.8122688790540598,643,1379,11496,-6.533777038269551
2023-03-30,0.10986166889781339,-3.001364714234671,671,1570,13246,-6.134858044164038
2023-03-31,-0.32832233741753064,-3.96828839354837,791,1331,14922,-5.318057455540355
2023-04-03,-0.14277551020408166,-3.179320800009827,393,832,6281,-6.153333333333332
2023-04-04,0.136803316444035,-3.026972222582288,699,1472,13759,-5.262844036697248
2023-04-05,0.06802383316782525,-4.022545330333045,919,2102,19991,-5.125895953757225
2023-04-06,-0.01321709786276717,-2.742795176958682,537,1241,10507,-6.072983870967741
2023-04-07,0.6326359832635984,-2.692545239378808,596,1555,10720,-5.225044722719142
2023-04-10,-0.5293525179856117,-3.2612619916881003,233,462,3761,-6.135000000000002
2023-04-11,0.19357287449392716,-3.059915722411361,575,1401,13904,-5.958608058608059
2023-04-12,0.12448512585812357,-3.133450196817648,678,1507,13239,-5.532348367029549
2023-04-13,0.12310231023102303,-2.313167421566072,631,1490,13093,-5.609547738693467
2023-04-14,0.09214896829391037,-3.085121861104133,597,1390,11079,-5.771245421245422
2023-04-17,-0.28055555555555556,-2.328407330526024,239,589,4066,-7.545581395348837
2023-04-18,-0.08146551724137939,-3.090137934973576,808,1744,16046,-5.959067357512953
2023-04-19,0.6611161939615736,-2.917105824112027,496,1690,14650,-6.167510548523207
2023-04-20,0.18295561850802647,-3.1985962941127917,600,1518,12913,-6.0942307692307685
2023-04-21,0.29194056731202156,-2.8205965016066767,596,1625,13193,-6.323198594024605
2023-04-24,0.3730834752981261,-2.5543735629384656,169,418,3447,-6.254477611940299
2023-04-25,0.6471083660864683,-1.9611125937116591,465,1316,10633,-5.143127962085308
2023-04-26,0.31709613478691767,-2.8109944486735996,566,1452,11073,-5.779962894248608
2023-04-27,0.6277503090234857,-2.2641622103193626,427,1191,9553,-5.490547263681592
2023-04-28,-0.034354382657869935,-3.2317223336946266,669,1453,11751,-5.487223974763407
2023-05-01,0.07033997655334115,-2.3504550792599557,233,620,5425,-5.904504504504505
2023-05-02,0.4395858708891595,-2.3910482147838925,447,1195,10402,-5.375656324582339
2023-05-03,0.5169372531812197,-2.400193934085411,613,1666,13895,-6.0426621160409555
2023-05-04,-0.16793271839392301,-2.6890244608655727,584,1259,11469,-5.815370705244122
2023-05-05,0.42192393736017897,-2.2119060715873156,483,1305,10252,-5.582102908277404
2023-05-08,-0.6021650879566983,-3.3099916535182015,234,505,6720,-7.476888888888889
2023-05-09,0.20635002581311312,-3.016266226915875,551,1386,9981,-6.107779886148008
2023-05-10,-0.10954400848356312,-2.9956002199571343,597,1289,13319,-5.83086642599278
2023-05-11,0.2521939953810623,-2.9236335470644934,473,1259,10117,-5.850564334085779
2023-05-12,0.24644087256027553,-2.971226212713549,546,1196,10999,-5.159288537549407
2023-05-15,0.43217391304347824,-1.9221972840544306,169,521,4045,-5.72638036809816
2023-05-16,-0.019112207151664663,-2.8446325179438943,482,1140,9603,-6.140259740259741
2023-05-17,0.19991158267020334,-2.7271288247663685,697,1565,14516,-5.684885496183207
2023-05-18,0.2228229467602146,-2.9855925323229506,714,1709,13698,-5.62848575712144
2023-05-19,0.29579196217494086,-2.386358022611614,578,1537,12009,-5.917748091603054
2023-05-22,0.31628352490421446,-3.149082188109521,302,742,5587,-5.826643598615917
2023-05-23,0.8078387458006718,-2.088285492931997,432,1354,10285,-5.2784810126582276
2023-05-24,0.11985815602836881,-2.805181607373617,622,1352,11624,-5.720754716981133
2023-05-25,-0.13541159279103746,-2.7514637505753123,678,1375,10709,-5.676703645007924
2023-05-26,-0.07057169634489222,-2.9749632782524396,688,1446,12776,-5.7250000000000005
2023-05-29,-0.491027496382055,-2.3390541857944234,225,466,4032,-6.566509433962263
2023-05-30,0.18666666666666665,-2.159380317425998,229,566,4699,-6.732718894009216
2023-05-31,-0.08705293276108728,-2.7198711951245604,428,970,8819,-6.46231527093596
2023-06-01,0.35391389432485315,-2.9271756454851707,574,1470,12736,-5.599619771863117
2023-06-02,0.11265432098765428,-2.3057349566796397,474,1146,11278,-5.743141592920354
2023-06-05,0.05586080586080587,-2.325491829155691,162,384,3208,-6.1892405063291145
2023-06-06,0.40805123513266234,-3.050453362126476,573,1613,11790,-5.758888888888889
2023-06-07,0.33251593918587546,-3.1276257200395503,568,1471,10656,-5.353308128544423
2023-06-08,0.24004127966976258,-2.8699381356298224,586,1352,10588,-5.504472271914133
2023-06-09,0.7412176347095871,-2.0962676554264585,362,1067,8514,-5.264776119402986
2023-06-12,0.7189493433395874,-2.2200229477226707,139,394,2734,-5.37890625
2023-06-13,-0.11288196524865195,-2.9280959650636698,548,1121,9566,-5.608670520231214
2023-06-14,0.42792079207920786,-2.631695671566227,548,1472,12419,-4.9235643564356435
2023-06-15,0.05807560137457047,-3.251823817015755,532,1214,10038,-5.677906976744186
2023-06-16,0.2970212765957446,-2.360313403499083,541,1339,10394,-5.691485148514851
2023-06-19,-0.006380208333333359,-2.6005344384911107,217,551,4410,-6.930046948356807
2023-06-20,0.6448456992777413,-1.5695889820492195,339,1184,9363,-6.096894409937889
2023-06-21,0.06783054003724388,-2.9961506724764084,589,1559,13366,-5.549194991055456
2023-06-22,0.3715758468335788,-2.3361441913520444,563,1474,11761,-5.177693761814745
2023-06-23,0.575068493150685,-1.9117171851600994,433,1392,12254,-5.239077669902913
2023-06-26,0.6657187993680884,-2.2134983801031467,147,486,3132,-5.43453237410072
2023-06-27,0.24820923656927424,-3.202614863771358,614,1508,12056,-5.670442477876106
2023-06-28,0.08538338658146959,-2.715576499361882,405,847,6366,-5.441530054644809
2023-06-29,0.620116156282999,-2.584740990474754,523,1371,11556,-5.017741935483872
2023-06-30,0.18948247078464106,-2.630190996688819,572,1225,9834,-5.4188990825688075
2023-07-03,0.17310513447432763,-2.121204957032413,113,296,2248,-6.15408163265306
2023-07-04,-0.094888705688376,-2.3794718907562826,378,835,6180,-6.001971830985915
2023-07-05,0.037059415911379553,-2.1345052438744516,285,708,6469,-6.793357933579336
2023-07-06,0.07090112640800993,-3.1303490774948552,499,1099,10135,-5.935924369747899
2023-07-07,0.0047238855622090065,-3.135806453294578,478,1025,7842,-5.793318485523386
2023-07-10,-0.03996247654784242,-2.6692488264355516,176,357,2790,-5.935672514619883
2023-07-11,0.07415575465196422,-3.142858270456889,429,1022,8020,-6.117164179104479
2023-07-12,-0.01572783045175688,-3.206256323221972,578,1215,12193,-5.6569090909090916
2023-07-13,0.714958283671037,-2.2195674188274594,417,1261,9427,-5.234271099744246
2023-07-14,0.20903225806451609,-3.0443247729452207,529,1176,9666,-5.11144578313253
2023-07-17,-0.2686767169179229,-3.310058568533857,180,417,3641,-6.992592592592594
2023-07-18,0.1728118161925601,-2.9065963105103747,542,1286,11135,-5.705202312138728
2023-07-19,0.42979433018343527,-3.321616867901573,516,1283,10125,-5.152777777777778
2023-07-20,0.2265435660703982,-3.0290671063727865,541,1192,9076,-5.276831683168317
2023-07-21,0.36868381240544634,-2.872342456722058,353,969,7891,-5.826114649681529
2023-07-24,-0.42919847328244276,-3.629544406596447,180,344,2739,-6.370520231213872
2023-07-25,-0.5535125229077581,-3.1564415425602372,605,1032,7862,-6.135776614310646
2023-07-26,-0.16168341708542716,-3.4694570397993227,530,1062,7912,-5.978915662650603
2023-07-27,0.2481311098332375,-3.0688253227462865,480,1259,10761,-5.60880361173815
2023-07-28,0.6792465753424658,-2.57149955158245,385,1075,9720,-5.063685636856369
2023-07-31,0.7881685575364668,-2.0295804310070644,148,469,3279,-5.683098591549296
2023-08-01,-0.11731391585760516,-2.988920790835207,581,1273,10569,-5.702018348623853
2023-08-02,0.30872410032715386,-3.755772154087635,545,1289,15030,-5.352307692307692
2023-08-03,0.44716451431779897,-2.6452485115096933,501,1280,10894,-5.405869565217391
2023-08-04,0.25891222401723213,-3.2777000979275215,562,1295,11781,-5.058518518518519
2023-08-07,0.032586206896551756,-2.9228415386808795,163,417,3015,-5.7534246575342465
2023-08-08,0.03406459475929305,-3.642904734662737,512,1129,9440,-5.713967611336032
2023-08-09,0.01930783242258651,-2.8298611660456348,512,1135,10248,-5.715756302521008
2023-08-10,0.27849275362318837,-2.905479273153032,490,1235,10398,-5.8656455142231945
2023-08-11,0.41508646392367327,-3.251065321443849,463,1214,10377,-5.804166666666667
2023-08-14,0.4854660347551343,-2.6102204499452095,170,463,3542,-6.658181818181817
2023-08-15,0.15205479452054793,-3.512224315432014,597,1447,12368,-5.865901060070672
2023-08-16,-0.06311179804224631,-3.780769049315346,625,1316,10247,-5.653480475382003
2023-08-17,-0.32384937238493716,-3.0911336333628245,501,933,8784,-5.465031982942431
2023-08-18,-0.18608312342569264,-2.974071954338844,518,1070,8432,-6.000202839756592
2023-08-21,-0.06394927536231884,-3.2132776798655085,190,362,2702,-5.40625
2023-08-22,0.6349389416553596,-2.5436032970327354,376,1098,8043,-5.543611111111111
2023-08-23,0.25501207729468595,-2.7592018513485397,466,1190,9475,-6.01289592760181
2023-08-24,0.1444252873563218,-3.365299618918347,540,1200,9330,-5.63852140077821
2023-08-25,0.5307531380753138,-3.472865573184235,530,1382,13104,-5.717564870259481
2023-08-28,0.5816044260027663,-2.3849857014843634,176,547,3694,-6.31280487804878
2023-08-29,0.08903559127439722,-2.654016676962237,527,1215,10329,-6.1784
2023-08-30,0.25807622504537203,-2.804486663113482,502,1151,9038,-5.5040598290598295
2023-08-31,0.4210308056872037,-3.257857974499173,470,1218,9250,-5.464367816091954
2023-09-01,-0.2230093355299287,-3.4293999314301242,601,1220,12073,-5.75169946332737
2023-09-04,0.05225563909774438,-3.1300695553229554,163,369,2969,-5.854248366013072
2023-09-05,0.3680327868852459,-2.049256047265826,191,541,5242,-6.046913580246914
2023-09-06,0.2502086230876217,-3.260802955666558,438,1000,8956,-5.675062972292191
2023-09-07,0.682469135802469,-2.2574133909925433,437,1183,8608,-5.18639798488665
2023-09-08,-0.16553428042001236,-3.308388066066344,561,1058,9164,-5.621402214022139
2023-09-11,0.7266826923076923,-2.4547444356258485,112,304,2191,-6.217924528301887
2023-09-12,0.9598272138228942,-2.5610712705423757,436,1416,11199,-5.657960199004975
2023-09-13,0.2566257272139625,-2.7587977969209074,428,1119,7971,-5.765036674816625
2023-09-14,0.16083102493074788,-2.7536338913640197,530,1275,11323,-5.834381139489194
2023-09-15,-0.47882906429691585,-4.009857219050354,669,1244,9556,-6.147417840375588
2023-09-18,0.2294200848656294,-1.572662585785028,199,508,4800,-6.122580645161292
2023-09-19,0.4906153846153845,-2.293790099785348,523,1427,14588,-5.601709401709401
2023-09-20,0.4536465981399902,-2.674648960311053,547,1496,11256,-5.37852998065764
2023-09-21,0.40220037453183516,-2.650787228216861,629,1507,12765,-5.2716666666666665
2023-09-22,0.36390268123138025,-2.7147510878656957,605,1409,11828,-5.646234676007006
2023-09-25,0.6107816711590296,-0.8889368343278095,89,282,2211,-6.324390243902439
2023-09-26,0.717720465890183,-2.2760365230978077,288,914,6072,-5.395880149812735
2023-09-27,-0.04973938942665681,-3.1594679440957756,436,907,7196,-5.5931372549019605
2023-09-28,0.16919134396355354,-3.2315679813782325,536,1220,10754,-5.634851485148515
2023-09-29,0.2710106382978723,-2.53042047306474,433,1071,7614,-5.658353510895885
2023-10-02,0.7480633802816901,-1.8296467364599662,136,432,3025,-6.3475409836065575
2023-10-03,0.31443074691805656,-2.298493643742351,394,985,7182,-5.469354838709678
2023-10-04,0.26227146814404423,-2.6683402014680615,559,1246,12237,-5.264497041420119
2023-10-05,-0.21873754152823918,-2.8611885283095724,478,1027,9155,-6.038105726872247
2023-10-06,-0.10182802979011515,-3.199183225594855,493,984,9693,-5.557478632478633
2023-10-09,0.5063142437591777,-2.5738789934843185,184,497,3080,-6.189325842696629
2023-10-10,0.2796451914098973,-2.446557717075398,298,773,5798,-6.352808988764046
2023-10-11,0.24968696642003413,-3.0304954844800345,510,1247,10539,-5.893008474576271
2023-10-12,0.19600262123197898,-2.9180365341574186,417,1109,9240,-5.679069767441861
2023-10-13,-0.018996188055908497,-2.845360270813728,495,1079,8751,-5.919347826086956
2023-10-16,0.8299632352941178,-2.5792765560070663,121,423,2566,-5.8054054054054065
2023-10-17,0.15359116022099448,-3.5484205455376707,499,1130,8741,-5.671428571428572
2023-10-18,0.4445048309178744,-3.5413555234071987,487,1169,9003,-5.584301075268818
2023-10-19,-0.10357315306615172,-2.8235326021986906,675,1396,10569,-5.833492822966508
2023-10-20,0.0983268983268983,-2.9154368137714086,478,1076,9521,-6.047972972972973
2023-10-23,0.13322033898305083,-2.7052313203044944,164,426,3213,-6.792517006802721
2023-10-24,0.5667996807661613,-2.3053104218089673,332,921,7017,-6.011356466876971
2023-10-25,0.1413697104677059,-2.7020024007362093,544,1252,11405,-5.904296875
2023-10-26,0.616220556745182,-2.9472885943388567,515,1353,10234,-5.328025477707007
2023-10-27,0.3233372921615202,-2.692708285729064,450,1234,9740,-6.097679814385151
2023-10-30,-1.0820415879017016,-3.232826022399176,190,339,3929,-7.209392265193371
2023-10-31,-0.0004135079255686282,-2.9340048383281063,440,1011,7400,-5.889320388349515
2023-11-01,0.047700797057020204,-3.335535983351872,486,1145,9382,-6.0611587982832615
2023-11-02,0.48679906542056073,-2.6194968259989104,472,1240,9540,-5.253023255813954
2023-11-03,0.09143678160919538,-2.706278052845842,489,1251,11634,-5.926579520697167
2023-11-06,0.1697017268445839,-2.898005101969299,174,463,3314,-6.234705882352942
2023-11-07,-0.21690476190476188,-3.068045117228502,522,1158,9719,-6.300813008130081
2023-11-08,-0.05732899022801306,-3.1899453096357604,464,1071,8028,-6.112669683257919
2023-11-09,-0.07072776280323452,-2.965485021586599,602,1253,9901,-5.7469458987783595
2023-11-10,0.04674698795180726,-2.9332033936576782,529,1131,10005,-5.455757575757575
2023-11-13,0.23344370860927152,-2.657460658786732,181,423,3588,-6.036842105263159
2023-11-14,0.5355333844973138,-1.8000399318674802,345,958,7742,-6.044478527607362
2023-11-15,0.1775959367945824,-2.7640019578031465,553,1219,9496,-5.193980582524271
2023-11-16,0.34424724602203177,-2.547576183049795,473,1161,9544,-5.504328018223235
2023-11-17,-0.05826044703595733,-3.1895932700672005,649,1409,11473,-5.701003344481605
2023-11-20,0.7972661870503596,-0.729185848806064,153,542,5342,-6.508783783783784
2023-11-21,0.5179757085020242,-2.1011757702913503,320,915,6486,-5.852333333333333
2023-11-22,0.4518451300665456,-2.707611325402717,409,1244,8613,-5.620209973753282
2023-11-23,0.31230425055928407,-2.2236464908262863,345,996,10037,-5.916099071207431
2023-11-24,0.9661898569570871,-2.2954251697214603,185,584,6501,-5.933522727272727
2023-11-27,-0.6260211800302573,-4.080788235256175,218,443,3730,-7.379245283018868
2023-11-28,0.26718061674008814,-2.636152275098262,391,971,9801,-5.835405405405405
2023-11-29,0.1806872037914692,-2.8770704846182458,494,1194,9155,-5.9759414225941425
2023-11-30,0.4098657718120805,-2.416691352752281,404,1086,8625,-5.957441253263708
2023-12-01,0.45978330146590174,-2.950993674148957,424,1145,8753,-5.406435643564356
2023-12-04,0.2844364937388194,-2.5126164048555673,168,391,3944,-6.684516129032257
2023-12-05,-0.07703703703703708,-3.3322058575148508,408,807,6875,-5.476363636363636
2023-12-06,0.5672508214676889,-2.99285532389278,495,1331,10836,-5.623126338329764
2023-12-07,0.038839285714285646,-2.868964350677416,540,1252,10384,-6.074650698602794
2023-12-08,-0.3409250879839116,-3.723665699337577,674,1315,11311,-6.162933753943218
2023-12-11,0.7361018826135104,-2.7647896041022264,237,666,6029,-5.587614678899082
2023-12-12,0.21451157538114063,-3.0512233942342757,534,1237,9861,-5.1823061630218685
2023-12-13,0.5022128556375132,-2.4214135964219627,486,1412,11691,-5.440262582056892
2023-12-14,0.574774193548387,-2.6261698355770666,433,1117,9283,-4.507881773399015
2023-12-15,0.15757575757575754,-3.1491826014015856,617,1363,11051,-5.652568493150685
2023-12-18,0.05050709939148068,-2.2081219061563537,143,350,3172,-5.842222222222222
2023-12-19,-0.22931488801054029,-3.749516331920011,530,988,10396,-5.767605633802817
2023-12-20,-0.1650943396226416,-3.057953697641303,485,999,9772,-5.770535714285714
2023-12-21,0.20745305164319236,-3.598040203476706,568,1136,10016,-5.393523809523809
2023-12-22,0.2896574440052701,-2.619697536189896,476,1042,7595,-5.302882483370288
2023-12-25,0.5224256292906179,-2.4202668620994876,104,333,2521,-6.566336633663367
2023-12-26,0.3222222222222222,-2.8233999644680248,91,242,1976,-6.1
2023-12-27,0.2323765786452354,-2.477676449656093,247,624,4685,-6.280425531914894
2023-12-28,-0.2752255947497948,-2.6222158393793604,424,795,7078,-6.21421568627451
2023-12-29,0.5113884555382215,-3.0139223999749873,382,900,7163,-5.238397790055249
2024-01-01,-0.47753303964757704,-2.790852606284925,165,289,3072,-5.978
2024-01-02,0.2307692307692308,-2.4248842066713547,123,293,1978,-5.7642201834862385
2024-01-03,0.4533886583679113,-3.271408447317875,387,1059,9260,-5.587704918032786
2024-01-04,-0.10995260663507116,-3.837626134200259,576,1112,11701,-6.001270417422867
2024-01-05,-0.10087158628704238,-3.1688867288380957,544,1177,9364,-5.941425818882467
2024-01-08,0.3367088607594936,-3.1253200561029324,166,466,4200,-6.010135135135135
2024-01-09,0.19152941176470586,-2.83771852687716,504,1196,10933,-5.355119825708061
2024-01-10,0.4674535050071531,-2.959617192856724,365,1033,9263,-5.273529411764706
2024-01-11,0.24631519274376418,-2.611165289035397,530,1234,11367,-5.34927536231884
2024-01-12,0.2963572267920094,-2.990953741700642,476,1226,10174,-4.839823008849558
2024-01-15,-0.2064900662251656,-1.982738817739928,217,538,4044,-6.7035
2024-01-16,0.46246305418719214,-1.5828710516905022,253,762,5286,-6.029411764705882
2024-01-17,-0.221381074168798,-3.5828103168130863,629,1326,13054,-5.751952461799661
2024-01-18,0.08276643990929702,-2.7571198137004482,527,1237,9831,-5.85910931174089
2024-01-19,-0.2796688741721855,-3.681440996190902,522,988,9925,-5.449693251533742
2024-01-22,0.2818288393903869,-1.9943459016189813,250,603,5595,-5.803463203463203
2024-01-23,-0.07858980957282564,-2.782665620363405,624,1319,11384,-5.6601362862010225
2024-01-24,-0.3296629213483147,-3.145260018597744,581,1199,9210,-6.246516007532957
2024-01-25,0.4155459924690693,-1.9363963660486982,543,1316,11353,-5.761431411530815
2024-01-26,-0.26431870669745955,-3.225914703903429,609,1123,10193,-5.659412780656305
2024-01-29,0.7122205663189269,-3.02195736250145,164,507,4281,-6.128289473684211
2024-01-30,0.017656675749318694,-3.293099826412019,588,1247,13114,-6.08259325044405
2024-01-31,0.2580832016850973,-2.8546496628484728,550,1349,10247,-5.4927734374999995
2024-02-01,0.1714532871972318,-3.440760286170147,525,1209,10291,-5.101030927835051
2024-02-02,0.1796495195025438,-3.1393246836401234,551,1218,10951,-5.548627450980392
2024-02-05,-0.05660377358490564,-3.0005127817740513,235,454,3129,-6.531428571428571
2024-02-06,0.42143884892086325,-2.3796375684846063,374,1016,7527,-5.823796033994335
2024-02-07,0.3161097256857855,-3.2523829458089373,584,1421,10874,-5.413297872340426
2024-02-08,0.26956748306409584,-2.5132635908950927,549,1370,11050,-5.961478599221789
2024-02-09,0.07712041884816749,-3.029778188673247,590,1320,11496,-5.357624113475177
2024-02-12,-0.3096467391304349,-2.9553516197097762,231,505,5028,-7.029302325581396
2024-02-13,0.1650611620795107,-2.345685711356775,372,936,8550,-5.851754385964912
2024-02-14,0.40599051008303677,-2.8262596683514305,484,1202,10344,-5.535434782608695
2024-02-15,0.4494993742177722,-2.4733260494602596,446,1152,8940,-5.522748815165876
2024-02-16,0.5670514165792235,-2.6563929156270296,487,1419,11356,-5.337472283813747
2024-02-19,-0.6963976945244957,-3.1032251814814242,256,438,4271,-6.647755102040816
2024-02-20,-0.04871228844738789,-2.4410382033527336,433,926,7232,-6.200243309002434
2024-02-21,0.13538461538461535,-2.6871374041725273,501,1254,10079,-5.817446808510638
2024-02-22,0.26630911750365677,-2.8599676143267447,604,1447,12348,-5.607342657342658
2024-02-23,0.5818286371477861,-2.594826643569108,446,1293,8806,-5.866339066339066
2024-02-26,-0.8098101265822785,-3.3103015050490256,222,410,3232,-6.429767441860466
2024-02-27,0.36684397163120563,-3.4571741817271717,479,1213,10176,-5.661590909090909
2024-02-28,0.17435897435897438,-2.84866748187542,568,1265,9806,-5.8543010752688165
2024-02-29,0.13130556855404762,-2.903800107960924,643,1494,13018,-5.407413509060956
2024-03-01,0.3776553106212424,-3.0913726794042207,553,1443,12052,-5.586068702290076
2024-03-04,0.7697865353037768,-2.3280597614350205,160,449,3145,-5.302666666666667
2024-03-05,0.40646173149309905,-2.5294421785904806,435,1159,10239,-5.393203883495145
2024-03-06,0.26369737644905433,-2.519453827943197,462,1177,9104,-5.615876777251184
2024-03-07,0.47940709370037055,-2.001539091372592,476,1413,12037,-5.39585152838428
2024-03-08,-0.06801405975395436,-2.8767897866479655,521,1186,9541,-5.781300813008129
2024-03-11,0.8110864745011087,-0.38122378090624215,105,346,2564,-6.503125
2024-03-12,0.5180610889774236,-1.9802803234481274,398,1108,8547,-6.109866666666666
2024-03-13,0.1954986149584488,-2.7792902040785408,461,983,7748,-5.442757009345795
2024-03-14,0.41061337008959337,-2.592445179405863,398,1053,8487,-5.855525606469003
2024-03-15,0.4128939828080229,-3.5472505281597493,480,1265,10321,-5.44794816414687
2024-03-18,-0.03992172211350291,-3.373562804610406,163,348,4376,-5.8640522875817
2024-03-19,0.6763833428408441,-2.3809959624817916,443,1310,10387,-5.390821256038648
2024-03-20,-0.15938818565400847,-3.0597890774146204,612,1284,13222,-5.981122448979591
2024-03-21,-0.23545734840698876,-2.9578784476263142,647,1299,10963,-5.918394648829431
2024-03-22,0.011778563015312098,-3.8578093969118856,537,1161,10328,-5.624015748031496
2024-03-25,-0.3988391376451077,-3.187225581067242,213,390,2989,-6.54375
2024-03-26,0.03085937499999995,-3.5226997571428194,484,1052,8525,-5.6548974943052395
2024-03-27,0.4516248153618907,-2.563037728266491,364,990,8475,-5.475692307692308
2024-03-28,0.18060394889663178,-2.5074756766287383,534,1188,11789,-5.455642023346303
2024-03-29,0.3910915934755333,-2.345905365155498,430,1164,9132,-5.945121951219512
2024-04-01,-0.5124352331606218,-2.6753700225801644,131,255,2476,-6.914285714285715
2024-04-02,-0.11794692737430164,-2.9474279756117845,499,933,8188,-5.612314225053079
2024-04-03,0.30428015564202326,-3.493667611016226,452,1090,8654,-5.320902612826604
2024-04-04,0.4005649717514123,-2.5257604082619913,405,1011,7245,-5.473316062176165
2024-04-05,0.18016979987871432,-2.6389470867150213,472,1177,9059,-5.302764976958525
2024-04-08,-0.5914383561643837,-2.948643586159091,210,374,2864,-6.675647668393783
2024-04-09,0.7386761842959115,-2.264994126383233,390,1151,9384,-5.418579234972677
2024-04-10,0.03896551724137931,-2.8628831934478134,431,1019,7930,-5.6154028436018955
2024-04-11,-0.3411087113030957,-3.3375567770503483,490,899,7583,-5.490605427974947
2024-04-12,0.6475947521865888,-2.507407510247334,340,1032,9951,-5.373088685015291
2024-04-15,-0.4178438661710037,-4.332985566721886,268,539,4722,-6.36403162055336
2024-04-16,-0.2916253101736973,-4.0430660920672565,567,1045,10183,-5.586206896551724
2024-04-17,0.012184024266936225,-3.5357116100358916,619,1359,10844,-5.544463373083475
2024-04-18,0.1822121604139715,-3.2699300281242882,479,1067,8854,-5.57123595505618
2024-04-19,0.3547430830039526,-3.084874566687717,444,1074,8380,-5.4409200968523015
2024-04-22,-0.2591527987897126,-2.6869767322856344,218,443,3890,-6.521164021164021
2024-04-23,0.2783987103707684,-3.36878717357407,535,1326,9384,-5.745546558704453
2024-04-24,-0.08762886597938144,-2.885039944877967,474,981,7928,-5.998202247191011
2024-04-25,-0.08036480686695288,-3.1628115301411515,602,1262,10942,-5.770973451327434
2024-04-26,0.0318664643399089,-3.501320814395153,664,1313,11317,-5.458576051779936
2024-04-29,0.2809121621621622,-2.741408368232405,170,422,3254,-6.427215189873418
2024-04-30,0.06635160680529294,-2.9429898392569447,485,1102,9319,-6.0682017543859645
2024-05-01,-0.319139650872818,-3.842945339029148,567,1037,9150,-5.92380073800738
2024-05-02,-0.7064303797468354,-3.504936659145029,786,1189,11148,-5.5009247027741095
2024-05-03,-0.261292471685543,-3.2135791046152815,501,1000,8078,-5.954736842105263
2024-05-06,-0.24188741721854304,-3.215461514395358,188,416,3338,-6.624705882352941
2024-05-07,0.37043354655294947,-3.05509994925111,413,994,7979,-5.632160804020101
2024-05-08,0.48216473791695025,-2.274541025893637,382,1087,7919,-5.687811634349031
2024-05-09,0.23987935656836457,-3.2444623877893433,456,1036,7336,-5.856674473067916
2024-05-10,0.2308932169241101,-2.724468501782334,430,1059,7400,-5.764634146341463
2024-05-13,-0.2693711967545639,-2.1698680562841406,152,341,2920,-7.333884297520661
2024-05-14,0.5116402116402117,-2.4496884534183283,335,988,6354,-6.109345794392523
2024-05-15,0.17015349630471857,-2.664696664772546,503,1256,10040,-5.636228813559322
2024-05-16,0.22559402579769175,-2.2297746774430056,394,1079,8121,-6.327049180327869
2024-05-17,0.3473180076628353,-2.506612533615486,442,1124,9031,-5.564200477326968
2024-05-20,0.8393805309734513,-2.348007192347732,174,504,3670,-6.514970059880239
2024-05-21,0.6319374999999999,-2.99030061146818,416,1184,9943,-5.457397959183674
2024-05-22,-0.14186206896551729,-3.189250113173441,468,982,8655,-5.559183673469389
2024-05-23,0.12432432432432435,-2.1605268386974665,341,806,6717,-6.037267080745342
2024-05-24,0.09774058577405854,-2.5121179158337616,372,823,6210,-5.752513966480447
2024-05-27,-1.1307692307692307,-3.1020459689112996,171,271,2386,-6.789940828402367
2024-05-28,-0.34230769230769237,-2.1137249854781253,195,429,3463,-6.709947643979057
2024-05-29,-0.2291428571428572,-3.716698719188563,475,925,7813,-5.762610619469026
2024-05-30,0.5247118155619597,-2.5346918798117968,370,1018,8094,-5.210109289617486
2024-05-31,-0.2882137962539973,-4.989661798441934,856,1333,16583,-4.879975874547648
2024-06-03,-1.4628019323671502,-3.162136213635591,169,245,2477,-7.062666666666667
2024-06-04,0.0606741573033707,-3.063865179628737,445,1068,9976,-5.877882352941176
2024-06-05,0.09687687687687685,-3.105922927472549,539,1126,10982,-5.2836614173228345
2024-06-06,0.05261890427453335,-2.7958595930456425,492,1169,9733,-5.411205073995772
2024-06-07,0.1807283763277694,-3.087012155116606,374,944,7050,-5.840509915014164
2024-06-10,0.17079303675048357,-1.9603091053692971,139,378,3304,-6.581751824817518
2024-06-11,0.7353643216080401,-2.1573581295327307,367,1225,8997,-5.604057971014493
2024-06-12,0.042034548944337884,-3.1654820970848525,495,1068,9183,-5.623126338329764
2024-06-13,0.0734203296703296,-2.7414785621837408,436,1020,7708,-5.87102137767221
2024-06-14,0.7558011049723756,-2.3199767888244285,319,948,7896,-4.84078947368421
2024-06-17,0.3499051233396584,-2.595734742678005,144,383,2753,-6.257664233576643
2024-06-18,0.079157667386609,-2.826382317579439,287,639,5869,-6.4485507246376805
2024-06-19,0.21367272727272738,-2.41878440615662,388,987,8553,-5.685915492957746
2024-06-20,0.5177674418604652,-1.552986120252368,285,790,6213,-6.363176895306859
2024-06-21,0.11597542242703537,-2.4076037263224332,391,911,7367,-5.625068119891007
2024-06-24,-0.8740397350993377,-4.288497742616912,268,487,4531,-7.765737051792829
2024-06-25,0.11967410983705484,-3.2390897686748534,488,1169,9846,-6.111447084233261
2024-06-26,-0.2000689655172414,-3.3625425744032693,448,1002,7632,-6.109345794392524
2024-06-27,0.06065974343310929,-3.1820428639007674,515,1122,8259,-5.7217573221757325
2024-06-28,0.30332577475434624,-2.5010236246427002,382,941,7413,-6.000819672131148
2024-07-01,0.6800804828973842,-1.955873931140671,111,386,2621,-6.363302752293579
2024-07-02,-0.10731869594145053,-2.9527695214648633,490,1013,8422,-6.009935205183585
2024-07-03,-0.026770186335403786,-3.4223412617218036,501,1109,8958,-5.712050739957717
2024-07-04,0.39134233518665607,-2.520623474114213,302,957,7686,-5.961148648648648
2024-07-05,0.4870778267254039,-2.014190786079096,164,517,3800,-6.1006451612903225
2024-07-08,0.6115318416523235,-1.3912855272210045,121,460,3453,-7.1403669724770635
2024-07-09,0.9025776602775941,-2.28727755701939,375,1138,9039,-5.573020527859238
2024-07-10,0.11349507202426082,-2.5147330961021415,369,950,6929,-6.0706051873198845
2024-07-11,0.5036422067487948,-2.6130167550296,501,1366,9990,-5.386695278969957
2024-07-12,0.48619824341279794,-2.5030304703874187,424,1170,8973,-5.8966751918158575
2024-07-15,-0.4391304347826086,-3.6837285173288197,304,662,7453,-6.704561403508772
2024-07-16,-0.26699751861042187,-2.3367077926768496,637,1378,13685,-6.264579901153212
2024-07-17,0.02207151664611588,-2.457638548161397,485,1137,8697,-5.879782608695653
2024-07-18,0.3693295292439372,-2.235550704057832,366,1036,8315,-5.735260115606936
2024-07-19,0.8674011299435027,-2.306142801323664,406,1364,11412,-5.709844559585492
2024-07-22,1.17602787456446,0.20322395871785812,281,1154,10564,-5.724701195219124
2024-07-23,0.5908108108108109,-1.5176500063848941,428,1237,9085,-5.574809160305343
2024-07-24,0.4573539760731879,-2.3147075707320752,348,1073,6985,-6.344272445820433
2024-07-25,0.2786585365853658,-2.846424199696653,474,1166,10347,-5.748868778280543
2024-07-26,0.22393980848153214,-2.7665776130498454,429,1033,8266,-5.661892583120205
2024-07-29,-0.02891760904684979,-3.0623884029885295,169,450,3513,-6.694
2024-07-30,0.13653061224489788,-2.122797107430382,437,1033,8719,-5.6763723150358
2024-07-31,-0.06445945945945951,-2.5005546248617416,473,1007,8246,-5.891590909090909
2024-08-01,-0.02649973917579553,-3.3018977184304106,608,1309,9795,-5.8878682842287695
2024-08-02,0.48086854460093903,-3.142107520434391,503,1201,8553,-5.62725321888412
2024-08-05,0.8208333333333333,-1.6860349089933666,95,313,2097,-5.982022471910113
2024-08-06,-0.15711934156378604,-2.947043634052797,364,851,6486,-5.954302670623145
2024-08-07,-0.27049965776865165,-2.4440691645969395,466,995,8499,-6.297183098591549
2024-08-08,0.08905882352941175,-2.872726632661133,524,1176,9413,-6.09476861167002
2024-08-09,0.31193467336683417,-2.101135297615506,399,1193,9325,-6.351761517615176
2024-08-12,-0.5504048582995951,-2.7331765444989577,152,342,2909,-6.968918918918919
2024-08-13,0.13646153846153852,-3.272263547015212,403,897,6704,-5.34935732647815
2024-08-14,0.2884151246983105,-2.761878913297681,346,897,6097,-6.1134796238244515
2024-08-15,-0.1853904282115869,-3.1646312181092444,396,795,6607,-5.568181818181818
2024-08-16,0.2368994234465087,-3.1009763807712445,488,1073,7845,-5.8015384615384615
2024-08-19,-0.3258267716535433,-2.824884720861919,204,431,3242,-6.591370558375634
2024-08-20,0.1322496749024707,-2.8261331230436193,463,1075,9018,-5.911818181818181
2024-08-21,0.23022284122562667,-2.4077185366281992,420,1016,7852,-5.659644670050761
2024-08-22,0.1847647058823529,-2.3779711299191297,499,1201,8829,-5.507659574468085
2024-08-23,0.14582003828972562,-2.2120205547520517,449,1118,7671,-5.678048780487805
2024-08-26,-0.19715762273901816,-2.9899873999331934,110,277,2241,-7.338317757009346
2024-08-27,0.23921015514809585,-3.031894073237716,430,988,6962,-5.13768115942029
2024-08-28,0.11630648330058932,-2.3046287639686236,311,707,6097,-5.7037414965986395
2024-08-29,-0.14317365269461085,-2.919476644079601,531,1139,8320,-5.7880392156862746
2024-08-30,0.08102836879432622,-2.424480621731681,507,1185,10271,-6.121711899791232
2024-09-02,0.2693374422187981,-2.4727756632289553,175,474,3454,-6.776047904191616
2024-09-03,0.15897790055248617,-2.5241575238539564,195,529,3848,-5.717460317460317
2024-09-04,-0.08225000000000002,-3.592428389500219,405,795,7252,-5.805115089514067
2024-09-05,0.32462739531582674,-2.9019279165533702,398,1011,8412,-5.864322916666667
2024-09-06,-0.027472527472527538,-3.4646742231448666,595,1316,11576,-5.794326241134752
2024-09-09,0.2703245749613601,-2.532393319724772,168,479,3312,-6.712337662337661
2024-09-10,0.1881370826010544,-3.2066378065777617,327,811,6685,-5.697278911564626
2024-09-11,0.463302752293578,-2.394646750870992,438,1197,7948,-5.580102040816326
2024-09-12,0.05220061412487205,-3.1919639674469242,579,1375,9978,-5.895323741007195
2024-09-13,-0.04771205357142858,-3.4290664009706484,549,1243,11412,-5.7514450867052025
2024-09-16,0.23664717348927872,-1.5471874258359093,136,377,2630,-6.267424242424243
2024-09-17,0.5362862010221465,-2.4436598510598184,314,860,6710,-5.585324232081911
2024-09-18,0.20398172323759792,-3.435949192580392,461,1071,8975,-5.290702947845805
2024-09-19,-0.4445571331981069,-3.5266088486824922,514,965,9440,-6.175151515151515
2024-09-20,-0.06540342298288507,-2.887602222320574,479,1157,9410,-5.863157894736842
2024-09-23,0.8985507246376812,-1.9866349726717483,147,543,4358,-5.707299270072993
2024-09-24,-0.00897537728355841,-2.5112852659487186,385,874,7661,-6.199445983379501
2024-09-25,0.24616336633663363,-2.8132035571757306,493,1123,9347,-5.2800438596491235
2024-09-26,0.23534946236559143,-3.2614086321935414,417,1071,8405,-5.579691516709511
2024-09-27,0.4136968928344958,-3.1055425100231733,458,1119,8991,-5.323690205011389
2024-09-30,0.62,-2.609154190621612,180,560,4448,-5.991666666666666
2024-10-01,0.7808795411089865,-3.033430914018718,373,1196,9308,-5.5079320113314445
2024-10-02,-0.11598086124401913,-2.9131393721185574,642,1448,12388,-6.127841845140034
2024-10-03,0.08722760290556891,-2.9879928534304008,440,1212,9485,-6.592364532019705
2024-10-04,0.3861837191934279,-3.08707700532022,380,959,6458,-5.341899441340782
2024-10-07,0.09086294416243655,-2.928308375709085,177,414,3233,-6.342073170731707
2024-10-08,0.2349264705882353,-3.335781394270559,441,1191,9585,-6.052605459057071
2024-10-09,0.013803840166061248,-3.0195752278140873,595,1332,11568,-5.543357933579336
2024-10-10,0.15395256916996045,-3.4502863747487655,423,1095,8343,-5.75065963060686
2024-10-11,0.6874799357945426,-1.9267393072475874,296,950,7112,-6.011552346570397
2024-10-14,0.3993736951983299,-2.559582040107049,132,347,2254,-5.985714285714285
2024-10-15,0.6815047021943573,-1.8241065514597206,251,706,6305,-5.558744394618834
2024-10-16,0.5617774566473989,-1.9091788289992526,366,1018,8912,-5.623699421965318
2024-10-17,0.5694466720128308,-2.5436550709632146,316,931,6885,-5.578073089700998
2024-10-18,-0.0660972404730618,-2.8114627484648116,485,1037,9205,-6.031896551724138
2024-10-21,0.44725490196078427,-1.7098307911192805,127,383,2819,-6.042857142857143
2024-10-22,0.8140766550522647,-1.9469964559125592,364,1071,8128,-5.9799999999999995
2024-10-23,0.3716092761770906,-2.415974551724106,390,1033,8302,-5.702493074792243
2024-10-24,0.23369127516778507,-2.6575474439170588,423,1067,8366,-5.906845965770171
2024-10-25,0.3721405750798722,-2.651988654012988,441,1124,9073,-5.386416861826698
2024-10-28,0.2904030710172744,-2.2472169455311852,158,363,2887,-5.516993464052287
2024-10-29,0.19159074982480723,-3.231271097837933,419,1008,10810,-6.021282051282052
2024-10-30,-0.5478527607361963,-3.5387397558115117,467,837,8266,-6.06467991169978
2024-10-31,0.4118529632408103,-2.317600341663572,343,990,7637,-5.955521472392637
2024-11-01,0.26818980667838316,-2.390854306817558,344,794,6172,-5.54
2024-11-04,-0.2853437094682232,-2.3322873390137033,250,521,3621,-6.276068376068376
2024-11-05,0.31884816753926687,-1.700476264796225,396,1132,9103,-6.133147632311978
2024-11-06,0.08390879478827357,-1.7368911685446435,407,1128,8730,-5.868668407310705
2024-11-07,0.6426540284360188,-1.1983343484622602,418,1270,12597,-5.418656716417911
2024-11-08,0.4161888701517706,-1.9069478017739683,476,1303,8947,-5.787719298245615
2024-11-11,-0.6429193899782135,-2.40082759999065,152,307,2478,-6.83
2024-11-12,0.14567535545023688,-1.5563254454053297,475,1213,11788,-6.487643020594967
2024-11-13,0.41822338340953624,-1.9910316840589128,446,1085,9028,-5.35
2024-11-14,0.6144654088050314,-1.3086717483053054,490,1418,11170,-5.573026315789474
2024-11-15,0.5984972677595629,-1.5465051396764835,379,1085,8644,-4.8768361581920905
2024-11-18,0.08287769784172663,-2.345170988835362,193,502,3699,-6.26045197740113
2024-11-19,0.4746958637469586,-2.4853206149695954,345,888,7651,-5.493154761904761
2024-11-20,0.08206401766004418,-2.6341261678053995,543,1269,10194,-5.582661290322581
2024-11-21,-0.25090439276485793,-3.4597774089953126,536,1012,8828,-5.6791015625000005
2024-11-22,0.14719953325554255,-2.774530837005094,532,1182,9937,-5.476435643564356
2024-11-25,-0.2161220043572985,-2.646262418545608,147,312,2323,-6.281884057971014
2024-11-26,0.4036824877250409,-2.722396711944223,351,871,6813,-5.539583333333334
2024-11-27,0.5865727699530516,-2.2730241675400142,302,763,6810,-5.6475
2024-11-28,0.5286113699906804,-2.542525209038781,320,753,6101,-5.451515151515151
2024-11-29,0.0700581395348837,-1.897262077177764,101,243,2173,-5.964516129032258
2024-12-02,0.7111111111111111,-2.577055128812299,118,422,2972,-6.292857142857143
2024-12-03,0.5521249359959036,-2.5895035750208946,539,1414,12096,-5.396484375
2024-12-04,0.8226234340456889,-2.543748709099419,350,1007,8328,-5.475
2024-12-05,0.47576150356448477,-2.2339578179782884,414,1129,9543,-5.780661577608143
2024-12-06,0.6461643835616439,-2.0304967144496975,350,1110,8996,-5.973432835820895
2024-12-09,0.7345423143350605,-2.640491434099568,122,457,3312,-6.741666666666668
2024-12-10,0.21635282457879085,-2.8144541357234787,561,1457,11525,-5.969944341372913
2024-12-11,0.02363143631436308,-3.002968214517895,602,1243,10395,-5.372491349480969
2024-12-12,-0.3478576137112723,-3.024101881797894,538,979,9343,-5.5642166344294
2024-12-13,0.3213178294573643,-2.8901613183142523,456,1092,8967,-5.353937947494034
2024-12-16,-0.04336448598130855,-2.2460317117133783,171,364,3411,-6.471974522292994
2024-12-17,-0.3654446707399865,-2.468829258898053,467,1006,11203,-6.902008928571428
2024-12-18,-0.15582112567463383,-3.762022175481682,433,864,8823,-6.313669064748201
2024-12-19,-0.33134232498394345,-3.207277362408857,531,1026,8614,-6.0375
2024-12-20,-0.2670274771024147,-3.5583302689301353,418,783,6354,-5.575682382133995
2024-12-23,0.29422066549912435,-2.010602544300025,150,421,3223,-6.265248226950354
2024-12-24,-0.14056473829201105,-3.371085356980375,476,976,8096,-6.28568281938326
2024-12-25,0.38104956268221574,-2.359972516734283,193,493,3646,-5.735393258426967
2024-12-26,-0.4174917491749175,-3.872969056869596,98,205,1830,-6.732258064516129
2024-12-27,0.3211612903225806,-2.805566922044394,219,556,4612,-6.152682926829269
2024-12-30,1.7274941995359627,-0.8057368706783302,147,715,5012,-5.619718309859155
2024-12-31,0.12456546929316342,-2.901624061303848,245,618,5433,-6.063478260869566
2025-01-01,-0.08871951219512202,-3.064609230379166,219,437,4273,-5.890049751243781
2025-01-02,-0.23687374749498996,-3.0986488835075465,145,354,3862,-6.735
2025-01-03,0.03042553191489361,-2.42298342460262,264,676,5099,-6.8708
2025-01-06,0.7660039761431411,-2.077692382149758,118,385,2990,-6.065137614678899
2025-01-07,0.5163745892661554,-2.676953403737998,484,1342,12201,-5.407126948775056
2025-01-08,0.1746701846965698,-2.2706052114091935,419,1097,9435,-6.5624678663239076
2025-01-09,0.5436677631578947,-2.0062811579816135,294,922,8244,-5.955673758865248
2025-01-10,0.2809495192307693,-2.574993110652033,459,1205,8584,-6.192941176470589
2025-01-13,-0.6532894736842105,-3.244502074758877,171,285,3382,-6.4386904761904775
2025-01-14,0.359208103130755,-2.1470655810052657,288,798,6405,-6.214716981132076
2025-01-15,0.44554865424430645,-2.3585990673721886,386,1063,8658,-6.06160220994475
2025-01-16,0.8990745025451179,-2.011991664246394,493,1668,12991,-6.0675
2025-01-17,0.37056474614945817,-2.2870466966064438,480,1273,10630,-5.936961451247165
2025-01-20,0.6854256854256854,-0.8397819964261181,171,522,3889,-5.4215568862275445
2025-01-21,0.7254254770500257,-1.2115609955691924,475,1464,11611,-5.843778801843318
2025-01-22,0.6480040941658136,-2.206157359036593,536,1418,10555,-5.53312757201646
2025-01-23,0.397172236503856,-2.6046269129298945,537,1408,11048,-6.050205761316873
2025-01-24,0.20788359788359778,-2.598173249948765,553,1337,10683,-6.075298804780877
2025-01-28,0.5735528942115767,-2.1368942566427713,550,1454,12367,-5.485258964143427
2025-01-29,0.7514367816091954,-2.082352521868495,540,1548,12802,-5.628629856850716
2025-01-30,0.31707583196944894,-3.237755818711185,559,1274,11816,-5.493041749502982
2025-01-31,0.4699074074074074,-2.515316224481693,499,1229,10546,-5.306724511930587
2025-02-03,0.7384782608695651,-2.472848413583931,115,345,2349,-6.276237623762376
2025-02-04,0.8831353919239904,-2.262587206100677,406,1278,9015,-5.7715116279069765
2025-02-05,0.3885898815931108,-2.7752457492869262,525,1333,11758,-5.733611691022964
2025-02-06,0.5186361513311537,-2.3037534449445745,603,1538,11658,-5.328985507246377
2025-02-07,0.31709641255605386,-2.2880357267094733,526,1258,10183,-5.318101545253864
2025-02-10,0.8526315789473684,-1.7143796434764471,141,486,3299,-5.877165354330708
2025-02-11,1.0865119651921684,-2.0658529608647456,322,1057,7175,-5.153793103448275
2025-02-12,0.7186570989236288,-2.8031011228978047,530,1421,10764,-5.379540709812109
2025-02-13,0.6424962102071753,-1.853190699030406,493,1486,11241,-5.374008810572688
2025-02-14,0.7691365584813227,-1.734105284613033,424,1209,9452,-5.1763586956521745
2025-02-17,1.0599372384937238,-2.374142486476852,230,726,5328,-6.101851851851852
2025-02-18,0.747872340425532,-2.3327857409594692,299,923,6899,-5.879858657243816
2025-02-19,0.13980132450331123,-2.494499578441929,475,1035,9555,-5.555203619909501
2025-02-20,0.5321192052980133,-3.146967617393758,490,1322,10734,-5.330820399113081
2025-02-21,0.6305170239596469,-2.821406240882301,399,1187,9582,-5.358126721763084
2025-02-24,0.8136445242369839,-2.0490976197135424,147,410,2707,-5.62962962962963
2025-02-25,0.46357615894039733,-2.8395262059184248,644,1621,15567,-5.3709790209790205
2025-02-26,0.3027855153203342,-2.3823255181015868,442,994,8787,-5.532418952618454
2025-02-27,0.9652027027027027,-2.0314212952412056,346,1134,8515,-5.553987730061349
2025-02-28,0.9287275064267352,-2.1989711701920496,351,1205,9770,-5.423174603174603
2025-03-03,1.2649253731343284,-0.507347330159343,114,422,2645,-5.662135922330096
2025-03-04,0.7607471264367816,-2.213657319477864,436,1304,10334,-5.188528678304239
2025-03-05,1.2051237766263674,-1.7341107091601042,362,1375,9838,-5.323235294117647
2025-03-06,0.9182568334192881,-2.545777149016706,462,1477,11462,-5.478672985781991
2025-03-07,0.8055076628352489,-2.059155001639922,509,1579,11988,-5.086147186147187
2025-03-10,0.049685534591194944,-2.635399872828409,129,348,2473,-5.956140350877193
2025-03-11,0.45238095238095233,-2.4140653021372662,458,1180,8987,-5.517757009345794
2025-03-12,0.34560185185185177,-2.7733028397184345,489,1239,9924,-5.873672566371682
2025-03-13,0.030201342281879238,-2.578254598320196,426,915,7814,-5.876962025316456
2025-03-14,0.7717984604618615,-2.9499626054417716,378,1051,8750,-5.044057971014493
2025-03-17,0.4323374340949032,-2.731997220248221,170,399,2776,-5.415894039735099
2025-03-18,0.22287513116474286,-2.739341838523999,607,1299,10438,-5.632974910394265
2025-03-19,0.4184941176470589,-2.99683958535974,600,1525,13355,-5.810592459605027
2025-03-20,0.06963890935887986,-3.3423037957841575,413,944,7756,-5.544791666666666
2025-03-21,0.42896379525593004,-2.611713177616652,462,1140,9674,-5.391334894613583
2025-03-24,-0.11162790697674428,-2.385571691919255,159,357,2630,-5.969078947368422
2025-03-25,0.36135338345864654,-2.6529785565547237,577,1418,12613,-5.23427495291902
2025-03-26,-0.029055343511450425,-3.0778305347877875,656,1440,11398,-5.558833333333333
2025-03-27,-0.03217286914765903,-3.150490723171431,783,1716,15226,-5.704657534246576
2025-03-28,0.2937935034802784,-2.623631585009323,484,1240,9274,-5.629119638826185
2025-03-31,-0.2766176470588236,-2.8638892863640537,238,442,3524,-5.683478260869565
2025-04-01,0.351497975708502,-2.3320237300953583,369,866,7731,-5.562388059701493
2025-04-02,0.16874999999999996,-2.945560707929768,539,1221,9649,-5.887499999999999
2025-04-03,0.4831081081081081,-2.5790380977971075,422,1058,7722,-5.2594594594594595
2025-04-04,1.1166428571428573,-2.01275743401579,331,1069,8430,-5.097359735973598
2025-04-07,-0.29152542372881346,-2.753964468163989,162,310,2153,-6.435947712418301
2025-04-08,0.6787899860917942,-2.532698260971601,397,1041,9058,-5.576533333333333
2025-04-09,0.28833075734157654,-2.722497576388411,368,926,7028,-5.997982708933718
2025-04-10,0.3369795342272406,-2.5913333731273753,434,983,7249,-5.638071065989848
2025-04-11,0.32576950608446675,-2.3838295950042605,388,1009,8868,-6.558725761772853
2025-04-14,0.29952830188679247,-2.1166257518141185,118,306,2434,-6.376576576576576
2025-04-15,0.7189640035118526,-2.672329983562302,297,842,6892,-5.7805860805860805
2025-04-16,0.4805605247465713,-2.8721874167167067,481,1196,10913,-5.339220183486239
2025-04-17,0.424219247928617,-2.8412647064414327,451,1118,8600,-5.599761336515513
2025-04-18,0.38815393866506315,-2.5921032209889607,452,1211,9829,-6.3343750000000005
2025-04-21,0.05428571428571431,-2.8300645659015586,122,298,2628,-6.223333333333333
2025-04-22,0.1559440559440559,-2.655282066030638,494,1222,10382,-5.941125541125541
2025-04-23,-0.0988627748294163,-3.639637189988786,453,866,8030,-5.777475247524753
2025-04-24,0.04033561218147913,-3.098830555184365,521,1088,8147,-5.785656565656565
2025-04-25,0.6021440823327616,-2.106959390410481,302,864,7566,-5.715909090909092
2025-04-28,-0.03426724137931031,-2.055854239023254,132,332,2201,-6.584
2025-04-29,0.16918085969180863,-3.606949190400835,347,886,8273,-6.113622291021673
2025-04-30,0.8286512370311253,-1.8404487574941664,296,957,7273,-5.363970588235294
2025-05-01,0.8192569659442724,-2.2588006664759774,380,1235,9161,-5.651685393258427
2025-05-02,0.2342592592592592,-2.615993609603378,552,1176,11372,-5.313980582524271
2025-05-05,-0.041515151515151456,-2.4542414833779205,97,233,1578,-6.948387096774194
2025-05-06,0.4566064981949459,-2.143988515879581,389,996,8986,-5.531818181818181
2025-05-07,0.41046242774566466,-2.3406927059789417,492,1238,9878,-5.655482456140351
2025-05-08,0.47158249158249155,-2.3344619378069047,405,1080,11656,-5.685567010309279
2025-05-09,0.9105396825396824,-1.5219716506873056,355,1220,9244,-5.338972809667674
2025-05-12,1.3625196850393702,-2.1537747942017904,126,509,3905,-5.86936936936937
2025-05-13,0.4557547715442452,-2.648689062168675,496,1233,9572,-5.842116630669547
2025-05-14,0.7064094955489615,-2.100410340519498,411,1274,9518,-5.8327027027027025
2025-05-15,0.6328499721137757,-2.1484933915666797,490,1303,11536,-5.512100456621005
2025-05-16,0.45688246385920805,-2.2232394855256876,469,1122,9763,-4.962302483069978
2025-05-19,0.6632295719844358,-2.5659855267990377,131,383,2973,-5.724166666666666
2025-05-20,0.33498305084745755,-2.6281201326598564,434,1041,8824,-5.856109725685786
2025-05-21,0.752227903579255,-1.8742683462547483,352,1017,7802,-5.560443037974683
2025-05-22,0.37916371367824236,-2.9539038774702044,385,1026,9857,-5.413764044943821
2025-05-23,0.7199867637326275,-2.38595820589932,421,1090,9065,-5.5014962593516215
2025-05-26,-0.06753246753246753,-3.0649876281314343,125,260,2060,-6.447863247863248
2025-05-27,-0.24946996466431096,-1.9636157482614995,266,583,5017,-6.106349206349207
2025-05-28,0.21963406052076004,-2.148118488251046,406,1015,8735,-6.142447916666666
2025-05-29,0.6210227272727272,-2.7321739363141435,355,877,7331,-5.117350157728707
2025-05-30,0.3290976058931861,-2.748233339984539,475,1154,8844,-5.875576036866359
2025-06-02,0.11873804971319304,-3.6788906093600557,148,375,2883,-6.420833333333333
2025-06-03,-0.3309541150764749,-2.6583868103767005,481,892,8297,-6.35924276169265
2025-06-04,-0.021775644871025904,-3.252233283611656,542,1125,10838,-5.916666666666667
2025-06-05,0.5685393258426966,-2.51464523996884,343,992,8261,-5.797805642633229
2025-06-06,0.5897712833545108,-3.006796884211913,454,1120,9174,-4.793301435406699
2025-06-09,0.12391629297458896,-2.827084921602251,217,452,4119,-6.118750000000001
2025-06-10,-0.15740441572428648,-3.7409133611869123,679,1178,10816,-5.654914196567863
2025-06-11,-0.5352265043948614,-3.3798066616684888,544,935,8399,-6.017714285714286
2025-06-12,-0.2891472868217054,-3.375998346359624,549,999,9903,-5.733939393939394
2025-06-13,0.13658830620855933,-3.2382938233542906,541,1118,10939,-5.697445972495088
2025-07-03,0.3774215552523875,-2.8660319823141585,832,2100,18694,-5.8143603133159285
2025-07-04,0.5868037135278515,-2.44225854847235,400,1108,9910,-5.3975
2025-07-07,0.5737847222222222,-2.5061611134807737,151,425,3433,-5.622302158273381
2025-07-08,0.5783112582781458,-3.1524488850577224,474,1338,9963,-5.885011185682328
2025-07-09,0.4885608856088561,-2.3494304696303874,367,988,8436,-5.762426035502959
2025-07-10,0.5896209912536442,-2.798015181127068,471,1244,9796,-5.525339366515837
2025-07-11,0.5548985507246377,-3.0039297554866256,467,1258,9415,-5.603378378378379
2025-07-14,-0.2874084919472914,-3.7369360705282872,223,460,4889,-6.70324074074074
2025-07-15,0.37217217217217213,-2.2126527425486238,567,1431,10990,-5.7122605363984675
2025-07-16,0.07654260528893239,-3.3055387682595314,642,1400,13920,-5.920890410958904
2025-07-17,0.4152173913043478,-2.073848784681098,385,903,6963,-5.462021857923497
2025-07-18,0.535467255334805,-2.5167663729153587,407,952,7367,-5.208064516129032
2025-07-21,0.6767857142857143,-2.1750052999863474,99,293,2212,-6.337777777777779
2025-07-22,-0.1418940609951845,-3.4347937796330843,443,803,8469,-6.14128878281623
2025-07-23,0.3328658536585365,-2.973306833187443,495,1145,8043,-5.750847457627119
2025-07-24,0.6215357967667436,-3.0308789221290673,506,1226,11326,-5.031932773109244
2025-07-25,0.40232198142414854,-2.3124452307202166,348,944,7966,-6.201529051987768
2025-07-28,-0.1491758241758242,-2.7444540280274263,107,257,1869,-7.074
2025-07-29,-0.00741301059001518,-3.014284827964055,380,942,8042,-6.306575342465752
2025-07-30,0.23493743984600574,-2.709848602040929,352,687,6837,-5.057798165137615
2025-07-31,0.2013944223107569,-2.6828963762153357,443,1063,9512,-5.448448687350836
2025-08-01,0.5113985448666127,-2.2907150756139547,359,878,7426,-5.420116618075801
2025-08-04,0.8098400984009841,-2.2296550011917047,182,631,4542,-5.797633136094675
2025-08-05,0.3964444444444444,-3.1683755756884042,385,965,9160,-5.403856749311296
2025-08-06,0.5717405691594969,-2.8330243732891103,403,1108,8286,-5.701583113456465
2025-08-07,0.21988165680473368,-2.514258023964769,468,1222,10827,-6.680997624703087
2025-08-08,0.32364116094986806,-2.547434773337448,537,1358,11740,-5.755268389662028
2025-08-11,-0.04020408163265314,-3.18375901049757,142,348,2741,-6.421100917431193
2025-08-12,0.21483146067415723,-3.056619518804978,397,938,7800,-6.105882352941178
2025-08-13,0.6653956834532375,-2.666590120802771,359,1031,7268,-5.719033232628398
2025-08-14,0.47592879256965953,-2.1775789831853998,336,956,7404,-6.091194968553459
2025-08-15,0.47663551401869153,-2.358018155917134,411,1087,9109,-5.766486486486486
2025-08-18,1.4656880733944952,-1.0831852032447598,96,449,3761,-6.552272727272728
2025-08-19,0.8492382693479585,-2.1514387847976226,377,1264,10121,-5.648367952522255
2025-08-20,0.860376282782212,-2.5747901166877702,412,1342,10052,-5.698952879581152
2025-08-21,0.3182214948172395,-2.2143231999760995,515,1318,10006,-5.777894736842105
2025-08-22,0.5621037463976946,-2.495189689816889,385,1003,8619,-5.407262569832403
2025-08-25,-0.3852390852390852,-2.8529076066739614,159,322,2417,-5.914383561643835
2025-08-26,0.6894039735099339,-2.1528146868744527,308,900,6611,-5.152758620689655
2025-08-27,0.18473804100227792,-3.318531878300638,392,925,7464,-5.748548812664908
2025-08-28,0.048418334409296375,-3.1017280217933867,461,1088,9020,-6.1036117381489845
2025-08-29,-0.17761732851985557,-3.3570600752702298,425,960,8335,-5.967493796526055
2025-09-01,0.2479820627802691,-2.8979505173494835,124,322,3205,-6.9033613445378155
2025-09-02,0.3254637436762226,-1.6432376244070497,157,436,3764,-6.401418439716311
2025-09-03,-0.013277693474962042,-3.0779781374617037,416,902,9083,-5.950125313283209
2025-09-04,0.6661724327292696,-2.081615910340811,409,1412,9736,-5.431606217616581
2025-09-05,0.47562753036437244,-2.2991800000064835,358,877,8345,-5.584227129337539
2025-09-08,0.053503184713375784,-2.857210155722928,146,325,2639,-6.261428571428572
2025-09-09,0.5154727793696274,-2.567658956279353,484,1261,10949,-5.7776286353467565
2025-09-10,0.45485714285714285,-2.8894220458354622,514,1236,11047,-5.243181818181818
2025-09-11,-1.441092211280215,-3.4007832191448792,908,1326,17075,-6.9553430821147355
2025-09-12,-0.25588585017835924,-2.7232659228699627,549,1133,8970,-6.512404580152672
2025-09-15,-0.5048625792811839,-3.5035612447089117,148,325,2908,-7.328260869565218
2025-09-16,0.020902160101651773,-3.1420049337183795,464,1110,9641,-6.1665148063781325
2025-09-17,-0.5242751180040458,-3.5597067316486637,514,969,8549,-6.422690763052209
2025-09-18,0.07848739495798311,-2.833948048585947,530,1255,9804,-6.466535433070866
2025-09-19,0.11781045751633981,-3.1752509636022346,548,1288,10093,-6.287428571428571
2025-09-22,0.5688632619439867,-1.7971159835634802,128,479,3174,-6.7
2025-09-23,0.21948998178506376,-2.402300598360899,316,782,6714,-5.74
2025-09-24,0.7690398432397126,-2.3150065288248927,407,1124,9423,-5.118406593406593
2025-09-25,0.007439999999999964,-3.2347931908550485,383,867,9184,-6.041944444444446
2025-09-26,-0.11935028248587573,-3.024634763475839,466,950,9145,-5.728146453089244
2025-09-29,-0.03354735152487962,-3.01832213171738,192,431,4497,-6.448936170212766
2025-09-30,0.07463414634146334,-2.956429089948822,458,977,8611,-5.594186046511628
2025-10-01,0.7553918285331547,-2.405942074753099,393,1100,9627,-5.214754098360656
2025-10-02,0.7028430160692212,-2.08193241866651,426,1192,9224,-5.05860349127182
2025-10-03,0.8421216848673948,-2.4637962666821287,336,946,7874,-4.961846153846154
2025-10-06,0.7015503875968994,-3.1891258433913645,201,444,4121,-5.828729281767956
2025-10-07,0.4630685675492193,-2.6896157251983572,437,1036,8822,-5.597831325301206
2025-10-08,0.5891612200435732,-2.212694083516879,543,1293,10111,-5.376652892561983
2025-10-09,0.39465478841870816,-2.2864698200327496,378,969,8160,-5.509348441926345
2025-10-10,-0.014465032875074795,-3.1861897347454327,567,1106,9698,-5.50092936802974
2025-10-13,0.7020316027088036,-2.2166838402455737,115,328,2355,-5.549557522123894
2025-10-14,0.6065032987747409,-1.7217632421881786,300,761,7362,-5.708518518518519
2025-10-15,0.20341506129597198,-3.4527321325894653,372,770,7544,-5.718862275449101
2025-10-16,0.7719745222929936,-2.138161656407603,336,1077,8686,-5.158598726114651
2025-10-17,0.5340626848018923,-2.117346375128847,486,1205,9291,-5.343040685224839
2025-10-20,-0.24833906071019482,-2.3779006954332322,306,567,5767,-5.594076655052265
2025-10-21,-0.019315068493150695,-2.9963886321086686,471,989,9688,-5.84808988764045
2025-10-22,0.3006003430531731,-2.763953977312265,334,832,6254,-5.670886075949367
2025-10-23,0.462648691514671,-2.7981191710340645,338,923,6462,-5.283766233766234
2025-10-24,0.6548523206751055,-2.7659845760549304,316,869,6714,-5.519366197183099
2025-10-27,1.051270207852194,-1.2433599736971428,90,343,2160,-4.665853658536585
2025-10-28,0.8284347231715651,-2.2529731597865847,349,1114,8257,-5.798192771084337
2025-10-29,0.9411111111111112,-2.5238269373903535,415,1205,10094,-5.010909090909091
2025-10-30,1.0209876543209877,-2.2168082800803917,337,1040,8189,-5.376298701298702
2025-10-31,0.8953153153153153,-2.7632638126249356,263,847,7105,-5.486852589641433
2025-11-03,0.14192708333333334,-3.3280625036823905,111,273,2225,-6.893457943925234
2025-11-04,1.0565248738284065,-2.568486135344472,303,1084,8455,-5.930960854092526
2025-11-05,0.9067317073170732,-1.6162759053936873,234,791,6301,-5.589380530973451
2025-11-06,0.7559558823529411,-2.0955324358949765,361,999,9625,-4.965671641791045
2025-11-07,1.199855072463768,-1.9647076723153039,317,1063,8155,-4.898299319727891
2025-11-10,0.03153347732181424,-1.6692822785380208,149,314,3292,-6.1856
2025-11-11,0.7083402835696413,-2.273051242355916,315,884,7507,-5.2340740740740745
2025-11-12,1.129045996592845,-1.862531561023801,241,933,8049,-5.4966346153846155
2025-11-13,0.8550675675675675,-2.287920326304915,317,867,7148,-4.905102040816327
2025-11-14,0.5563970588235294,-1.9772845598700655,401,959,7520,-5.459002770083102
2025-11-17,0.480246913580247,-1.8547869113679443,139,428,4103,-6.8691729323308275
2025-11-18,0.28425196850393697,-2.729130532445338,440,957,9492,-6.041766109785203
2025-11-19,0.6092171717171717,-1.3381163116242214,412,1172,9786,-5.5448087431693995
2025-11-20,0.2887305699481865,-2.157614393532766,451,1093,9965,-5.586374695863747
2025-11-21,0.24569575471698116,-2.8720341961519145,518,1178,9668,-5.627950310559006
2025-11-24,0.7103515625,-1.5777181040811332,115,397,3320,-6.05188679245283
2025-11-25,0.3171325518485122,-2.61406336787713,326,783,7496,-5.252577319587629
2025-11-26,0.6017402113113735,-2.4697700727188816,427,1182,9774,-5.3142131979695435
2025-11-27,0.06748216106014276,-2.47419640910412,296,685,5476,-6.152592592592593
2025-11-28,0.14723404255319134,-2.782605400096855,127,343,2338,-7.0232758620689655
2025-12-01,-0.42358674463937623,-3.284195228989196,190,323,3007,-6.10983606557377
2025-12-02,-0.13897972531066055,-2.946260029442876,483,1046,8494,-5.880931263858094
2025-12-03,-0.18095238095238098,-2.7609051127492408,517,1058,9630,-6.295381526104419
2025-12-04,0.4735817104149026,-2.954483217505679,324,857,7147,-5.093602693602694
2025-12-05,0.3046575342465753,-2.2414170504316018,439,1021,9101,-5.3487864077669895
2025-12-08,1.224016563146998,-1.999923684732288,104,379,2374,-5.737254901960784
2025-12-09,0.5513554216867469,-2.3105718704970655,382,946,8092,-5.24388888888889
2025-12-10,0.4756756756756757,-2.4397647116839054,327,820,7639,-5.584982935153584
2025-12-11,0.5296610169491526,-2.328327495304699,355,943,8584,-5.668711656441718
2025-12-12,0.16143990237949965,-3.2707795908002844,545,1094,11646,-5.1609053497942385
2025-12-15,-0.5033039647577092,-2.8548505861145523,156,298,2643,-7.023841059602648
2025-12-16,-0.2788461538461539,-3.1708006316514625,402,794,7515,-5.844529262086513
2025-12-17,0.1356223175965666,-3.133747836035434,416,982,7576,-5.826075949367089
2025-12-18,0.37380426784400284,-2.611597745753851,380,979,10025,-5.421944444444445
2025-12-19,0.44761499148211253,-2.2336582820140123,326,848,7154,-6.159485530546624
2025-12-22,0.9129511677282378,-1.5960292833769705,111,360,3061,-4.959615384615384
2025-12-23,0.8803840877914951,-2.5052865755262035,349,1109,7956,-5.125078369905957
2025-12-24,0.26574162679425833,-2.5622591073533005,355,690,6962,-5.397583081570997
2025-12-25,0.3659541984732825,-1.7572740008395988,219,436,4397,-5.392227979274612
2025-12-26,0.636595744680851,-2.2223804705515366,64,171,1401,-5.46875
2025-12-29,1.088697318007663,-2.1569972505563655,106,416,3237,-6.3052631578947365
2025-12-30,0.14602432179607114,-2.3080847886314237,301,768,6178,-6.026760563380281
2025-12-31,0.17415048543689324,-2.879416773042429,241,583,4697,-6.13920704845815
2026-01-01,-0.1281213535589266,-3.090241832680749,308,549,4618,-5.507534246575343
2026-01-02,-0.039931740614334466,-2.4696612838637537,193,393,3012,-6.2
2026-01-05,0.5717717717717717,-2.6992059986098136,205,461,3802,-4.518848167539267
2026-01-06,-0.1348370927318296,-3.224971280802537,497,1099,9049,-5.5997821350762536
2026-01-07,-0.31819380355965726,-2.7840419342696965,490,1027,8709,-6.089029535864978
2026-01-08,-0.17048997772828517,-3.293001687735843,590,1206,11736,-5.876043557168784
2026-01-09,-0.4379398592450416,-3.40226610298402,503,1060,11537,-6.181855670103093
2026-01-12,-0.4056872037914693,-3.1621095819846983,293,551,5577,-6.072058823529411
2026-01-13,0.08372243839169903,-3.424169675456652,498,1044,9368,-5.59549356223176
2026-01-14,0.663269111249223,-3.017365162609453,438,1171,10193,-5.417233009708738
2026-01-15,0.30226390685640364,-3.237229314014691,443,1103,9578,-5.333253588516746
2026-01-16,0.11392557022809124,-2.2511207905749497,517,1149,9386,-5.789330543933055
2026-01-19,-0.3346153846153847,-2.671662148071299,174,320,2663,-5.6024242424242425
2026-01-20,0.5676575505350773,-1.7248920112235475,220,621,4481,-5.859024390243902
2026-01-21,0.3089499647639182,-2.6990555829966962,400,1019,8460,-5.528759894459102
2026-01-22,0.4539505187549881,-2.855070629049146,353,900,8830,-5.482769230769231
2026-01-23,0.5418321588725176,-2.619402011931068,441,1120,12399,-5.0945238095238095
2026-01-26,-0.8313343328335832,-4.155063481505537,267,400,4234,-6.681140350877193
2026-01-27,-0.4496882793017456,-3.537907442873635,542,1062,11464,-6.758486707566463
2026-01-28,0.4066413662239088,-2.5593057566984267,441,1140,8366,-5.7677033492822956
2026-01-29,-0.07394247038917093,-3.157569038772139,550,1223,10894,-5.757833655705996
2026-01-30,-0.23198356807511736,-2.848156685578605,534,1170,8576,-6.394059405940594
2026-02-02,0.437065637065637,-2.7418032738498224,136,382,3410,-6.678787878787878
2026-02-03,0.42542488103331066,-2.541119957358699,442,1029,8443,-5.270975609756098
2026-02-04,0.3982289690069576,-3.11722482487533,439,1142,9296,-5.704738154613468
2026-02-05,0.06812585499315997,-2.9391147409314837,456,1006,9379,-5.577411764705882
2026-02-06,0.4427076923076923,-2.9581597045805417,474,1151,10866,-5.316071428571428
2026-02-09,0.44186851211072664,-2.135271047228798,149,429,3057,-5.515714285714286
2026-02-10,0.9228045325779037,-2.502643475289761,326,1086,7870,-5.467796610169492
2026-02-11,-0.07147124719940255,-2.709003933397715,418,921,7852,-5.891803278688525
2026-02-12,-0.16329987452948555,-2.7660646191736986,537,1057,9520,-5.32441113490364
2026-02-13,0.6530303030303031,-2.8189406629007765,490,1292,11893,-5.533978494623656
2026-02-16,0.6615151515151515,-2.0594792627571032,83,247,1725,-6.162025316455696
2026-02-17,0.8847750865051903,-1.747651738279111,194,673,4804,-5.855737704918032
2026-02-18,0.15251141552511413,-3.001324841766979,398,916,7126,-5.861731843575419
2026-02-19,0.21533078880407128,-2.6874909207202564,476,1096,9274,-5.40738255033557
2026-02-20,-0.11894736842105272,-3.073336676825365,478,1042,10083,-5.853056768558951
2026-02-23,0.045012787723785135,-2.8444665247590915,110,281,1979,-6.283505154639175
2026-02-24,0.21198712791633145,-2.3697684615989316,359,884,7118,-6.010122699386503
2026-02-25,-0.048711340206185616,-2.8959999067656557,463,1089,8163,-6.062529274004683
2026-02-26,0.22281594571670912,-2.42471720857799,352,827,7312,-6.016265060240964
2026-02-27,0.5380071174377224,-2.1287431554979683,343,1062,8540,-6.013650793650793
2026-03-02,-1.4903903903903906,-3.5096140689630677,400,599,9284,-7.292820512820512
2026-03-03,-0.2839539978094195,-2.9532304715063153,608,1218,13706,-6.265313028764806
2026-03-04,-0.33867735470941895,-3.092941827798679,649,1347,12094,-6.652631578947369
2026-03-05,0.07712477396021694,-2.8914258766220224,694,1518,12841,-6.153951367781155
2026-03-06,-0.4924031777557101,-2.9796282567635926,709,1305,11717,-6.318535825545172
2026-03-09,-1.0745762711864406,-3.139603163759625,342,543,4635,-6.779629629629629
2026-03-10,0.2048471290082028,-3.0239990440461524,395,946,7446,-6.074193548387097
2026-03-11,-0.36682098765432114,-3.582718474869333,453,843,6779,-6.129999999999999
2026-03-12,0.48794326241134744,-2.1485545317764703,314,955,7482,-5.554666666666667
2026-03-13,-0.8010578718108278,-3.489476865675759,618,989,9582,-6.261864406779661
2026-03-16,-0.734782608695652,-2.9497757943231107,175,331,3604,-6.673248407643311
2026-03-17,-0.10347163420829804,-3.077759823758393,386,795,7571,-5.99196675900277
2026-03-18,-0.10883752549286198,-2.705062212271093,494,977,8695,-5.938709677419355
2026-03-19,0.26519480519480515,-1.918995411533726,422,1118,8317,-6.07639902676399
2026-03-20,0.2810639645345155,-2.1992022085293508,452,1127,8893,-5.708920187793427
2026-03-23,-0.45832223701731023,-3.035002077916202,251,500,3961,-6.483690987124462
2026-03-24,0.3306491372226787,-2.5518564528767005,344,873,6518,-6.033230769230769
2026-03-25,0.32493326214628937,-2.865903402080937,530,1343,10198,-6.112224448897796
