,DXY,US_CPI,FED_RATE,US10Y,VIX,US_EPU,GLOBAL_EPU
2020-01-01,,259.127,1.55,,,186.06,191.721791492481
2020-01-02,114.9745,,,1.88,12.47,139.13,
2020-01-03,114.9867,,,1.8,14.02,108.1,
2020-01-04,,,,,,212.82,
2020-01-05,,,,,,173.76,
2020-01-06,114.9557,,,1.81,13.85,147.96,
2020-01-07,115.1477,,,1.83,13.79,103.98,
2020-01-08,115.1328,,,1.87,13.45,91.15,
2020-01-09,115.2331,,,1.85,12.54,71.92,
2020-01-10,115.0677,,,1.83,12.56,74.58,
2020-01-11,,,,,,127.36,
2020-01-12,,,,,,159.24,
2020-01-13,115.0342,,,1.85,12.32,124.82,
2020-01-14,115.0239,,,1.82,12.39,109.27,
2020-01-15,114.9528,,,1.79,12.42,98.77,
2020-01-16,115.0006,,,1.81,12.32,88.05,
2020-01-17,115.0656,,,1.84,12.1,77.76,
2020-01-18,,,,,,89.29,
2020-01-19,,,,,,162.21,
2020-01-20,,,,,,96.05,
2020-01-21,115.1876,,,1.78,12.85,87.56,
2020-01-22,115.2273,,,1.77,12.91,77.19,
2020-01-23,115.5545,,,1.74,12.98,70.67,
2020-01-24,115.5556,,,1.7,14.56,48.48,
2020-01-25,,,,,,78.77,
2020-01-26,,,,,,137.56,
2020-01-27,115.8004,,,1.61,18.23,22.25,
2020-01-28,115.7239,,,1.65,16.28,94.68,
2020-01-29,115.7003,,,1.6,16.39,88.62,
2020-01-30,115.8077,,,1.57,15.49,142.05,
2020-01-31,115.7345,,,1.51,18.84,122.2,
2020-02-01,,259.25,1.58,,,147.37,196.49325687323858
2020-02-02,,,,,,104.49,
2020-02-03,116.1172,,,1.54,17.97,124.15,
2020-02-04,115.9291,,,1.61,16.05,111.96,
2020-02-05,116.009,,,1.66,15.15,84.94,
2020-02-06,116.1518,,,1.65,14.96,81.75,
2020-02-07,116.5086,,,1.59,15.47,130.27,
2020-02-08,,,,,,87.8,
2020-02-09,,,,,,113.95,
2020-02-10,116.5711,,,1.56,15.04,111.39,
2020-02-11,116.3585,,,1.59,15.18,152.71,
2020-02-12,116.2794,,,1.62,13.74,79.26,
2020-02-13,116.3999,,,1.61,14.15,82.23,
2020-02-14,116.4223,,,1.59,13.68,71.98,
2020-02-15,,,,,,82.1,
2020-02-16,,,,,,131.52,
2020-02-17,,,,,,82.54,
2020-02-18,116.6039,,,1.55,14.83,77.38,
2020-02-19,116.7829,,,1.56,14.38,56.47,
2020-02-20,117.2454,,,1.52,15.56,103.7,
2020-02-21,117.0473,,,1.46,17.08,106.59,
2020-02-22,,,,,,177.27,
2020-02-23,,,,,,144.34,
2020-02-24,117.4018,,,1.38,25.03,88.73,
2020-02-25,117.2425,,,1.33,27.85,147.84,
2020-02-26,117.405,,,1.33,27.56,97.49,
2020-02-27,117.3678,,,1.3,39.16,106.55,
2020-02-28,117.6568,,,1.13,40.11,172.45,
2020-02-29,,,,,,225.32,
2020-03-01,,258.076,0.65,,,175.73,318.4648591140121
2020-03-02,116.8144,,,1.1,33.42,153.53,
2020-03-03,116.4958,,,1.02,36.82,132.55,
2020-03-04,116.7802,,,1.02,31.99,197.2,
2020-03-05,116.7901,,,0.92,39.62,118.02,
2020-03-06,116.7106,,,0.74,41.94,132.5,
2020-03-07,,,,,,122.57,
2020-03-08,,,,,,250.63,
2020-03-09,117.1871,,,0.54,54.46,276.24,
2020-03-10,117.9027,,,0.76,47.3,296.12,
2020-03-11,118.2505,,,0.82,53.9,234.73,
2020-03-12,120.4883,,,0.88,75.47,187.08,
2020-03-13,120.4388,,,0.94,57.83,330.85,
2020-03-14,,,,,,236.03,
2020-03-15,,,,,,468.43,
2020-03-16,120.9352,,,0.73,82.69,323.71,
2020-03-17,122.4816,,,1.02,75.91,378.92,
2020-03-18,124.1623,,,1.18,76.45,455.45,
2020-03-19,125.0587,,,1.12,72.0,514.67,
2020-03-20,124.9362,,,0.92,66.04,633.51,
2020-03-21,,,,,,538.95,
2020-03-22,,,,,,651.07,
2020-03-23,126.1262,,,0.76,61.59,572.94,
2020-03-24,125.5001,,,0.84,61.67,596.78,
2020-03-25,124.7916,,,0.88,63.95,449.86,
2020-03-26,122.4308,,,0.83,61.0,670.3,
2020-03-27,122.4007,,,0.72,65.54,557.18,
2020-03-28,,,,,,515.39,
2020-03-29,,,,,,743.13,
2020-03-30,123.2883,,,0.7,57.08,361.46,
2020-03-31,122.5301,,,0.7,53.54,516.55,
2020-04-01,123.7933,256.032,0.05,0.62,57.06,474.81,328.13263909267255
2020-04-02,123.5916,,,0.63,50.91,738.02,
2020-04-03,124.4152,,,0.62,46.8,540.5,
2020-04-04,,,,,,636.21,
2020-04-05,,,,,,739.55,
2020-04-06,124.16,,,0.67,45.24,605.38,
2020-04-07,123.0956,,,0.75,46.7,468.08,
2020-04-08,123.2216,,,0.77,43.35,524.13,
2020-04-09,122.476,,,0.73,41.67,417.54,
2020-04-10,122.1592,,,,,461.87,
2020-04-11,,,,,,547.4,
2020-04-12,,,,,,558.22,
2020-04-13,122.5203,,,0.76,41.17,638.81,
2020-04-14,122.1121,,,0.76,37.76,441.32,
2020-04-15,123.0752,,,0.63,40.84,455.68,
2020-04-16,123.4615,,,0.61,40.11,505.52,
2020-04-17,122.871,,,0.65,38.15,573.7,
2020-04-18,,,,,,529.03,
2020-04-19,,,,,,594.11,
2020-04-20,123.1033,,,0.63,43.83,618.66,
2020-04-21,123.9116,,,0.58,45.41,599.13,
2020-04-22,123.9256,,,0.63,41.98,511.42,
2020-04-23,123.7542,,,0.61,41.38,505.54,
2020-04-24,124.1615,,,0.6,35.93,562.5,
2020-04-25,,,,,,555.71,
2020-04-26,,,,,,855.17,
2020-04-27,123.8843,,,0.67,33.29,642.66,
2020-04-28,123.3693,,,0.62,33.57,479.89,
2020-04-29,122.7782,,,0.63,31.23,439.11,
2020-04-30,122.327,,,0.64,34.15,440.07,
2020-05-01,123.1492,255.802,0.05,0.64,37.19,516.72,415.7433513381408
2020-05-02,,,,,,387.24,
2020-05-03,,,,,,541.24,
2020-05-04,123.2117,,,0.64,35.97,449.38,
2020-05-05,122.803,,,0.66,33.61,807.66,
2020-05-06,123.609,,,0.72,34.12,498.71,
2020-05-07,123.1249,,,0.63,31.44,504.24,
2020-05-08,122.5379,,,0.69,27.98,488.53,
2020-05-09,,,,,,621.96,
2020-05-10,,,,,,536.09,
2020-05-11,123.2333,,,0.73,27.57,527.36,
2020-05-12,123.0592,,,0.69,33.04,442.15,
2020-05-13,123.5408,,,0.64,35.28,553.21,
2020-05-14,123.6429,,,0.63,32.61,508.02,
2020-05-15,123.5991,,,0.64,31.89,374.22,
2020-05-16,,,,,,385.27,
2020-05-17,,,,,,861.1,
2020-05-18,122.7968,,,0.73,29.3,511.62,
2020-05-19,122.5655,,,0.7,30.53,363.66,
2020-05-20,122.1007,,,0.68,27.99,420.68,
2020-05-21,122.0914,,,0.68,29.53,361.11,
2020-05-22,122.3211,,,0.66,28.16,418.96,
2020-05-23,,,,,,441.45,
2020-05-24,,,,,,458.16,
2020-05-25,,,,,,462.96,
2020-05-26,121.3864,,,0.69,28.01,389.21,
2020-05-27,121.5677,,,0.68,27.62,355.1,
2020-05-28,121.0138,,,0.7,28.59,421.99,
2020-05-29,120.9458,,,0.65,27.51,426.28,
2020-05-30,,,,,,418.18,
2020-05-31,,,,,,557.19,
2020-06-01,120.2686,257.042,0.08,0.66,28.23,226.8,309.5923035474373
2020-06-02,119.6854,,,0.68,26.84,257.49,
2020-06-03,119.2556,,,0.77,25.66,287.17,
2020-06-04,119.3014,,,0.82,25.81,231.24,
2020-06-05,118.8138,,,0.91,24.52,235.07,
2020-06-06,,,,,,277.42,
2020-06-07,,,,,,391.21,
2020-06-08,118.6621,,,0.88,25.81,318.64,
2020-06-09,118.5893,,,0.84,27.57,191.32,
2020-06-10,118.5231,,,0.75,27.57,237.88,
2020-06-11,119.2347,,,0.66,40.79,317.86,
2020-06-12,119.6645,,,0.71,36.09,293.12,
2020-06-13,,,,,,373.28,
2020-06-14,,,,,,397.45,
2020-06-15,119.9539,,,0.71,34.4,300.34,
2020-06-16,119.567,,,0.75,33.67,319.69,
2020-06-17,119.9105,,,0.74,33.47,348.4,
2020-06-18,120.2173,,,0.71,32.94,322.96,
2020-06-19,120.2186,,,0.7,35.12,450.64,
2020-06-20,,,,,,515.46,
2020-06-21,,,,,,413.51,
2020-06-22,119.7532,,,0.71,31.77,259.55,
2020-06-23,119.3285,,,0.72,31.37,309.15,
2020-06-24,119.9744,,,0.69,33.84,224.4,
2020-06-25,120.2997,,,0.68,32.22,225.72,
2020-06-26,120.533,,,0.64,34.73,260.33,
2020-06-27,,,,,,276.22,
2020-06-28,,,,,,561.21,
2020-06-29,120.6658,,,0.64,31.78,301.58,
2020-06-30,120.4649,,,0.66,30.43,292.37,
2020-07-01,120.0808,258.352,0.09,0.69,28.62,329.62,313.1465900918374
2020-07-02,119.8555,,,0.68,27.68,249.7,
2020-07-03,,,,,,412.01,
2020-07-04,,,,,,347.74,
2020-07-05,,,,,,415.94,
2020-07-06,119.2852,,,0.69,27.94,389.2,
2020-07-07,119.5717,,,0.65,29.43,278.61,
2020-07-08,119.5525,,,0.67,28.08,319.33,
2020-07-09,119.5129,,,0.62,29.26,267.49,
2020-07-10,119.3509,,,0.65,27.29,259.27,
2020-07-11,,,,,,237.89,
2020-07-12,,,,,,496.99,
2020-07-13,119.1891,,,0.64,32.19,212.54,
2020-07-14,119.3901,,,0.63,29.52,308.28,
2020-07-15,119.0331,,,0.64,27.76,352.74,
2020-07-16,118.9275,,,0.62,28.0,313.71,
2020-07-17,119.124,,,0.64,25.68,555.06,
2020-07-18,,,,,,388.97,
2020-07-19,,,,,,640.0,
2020-07-20,119.0483,,,0.62,24.46,430.14,
2020-07-21,118.4042,,,0.61,24.84,423.52,
2020-07-22,118.1337,,,0.6,24.32,297.02,
2020-07-23,118.0613,,,0.59,26.08,282.1,
2020-07-24,118.1329,,,0.59,25.84,290.25,
2020-07-25,,,,,,279.85,
2020-07-26,,,,,,465.25,
2020-07-27,117.3869,,,0.62,24.74,521.96,
2020-07-28,117.3189,,,0.59,25.44,315.73,
2020-07-29,117.2126,,,0.58,24.1,370.27,
2020-07-30,117.4008,,,0.55,24.76,307.77,
2020-07-31,117.2082,,,0.55,24.46,384.08,
2020-08-01,,259.316,0.1,,,304.7,289.35592920994884
2020-08-02,,,,,,405.97,
2020-08-03,117.8074,,,0.56,24.28,271.04,
2020-08-04,117.7833,,,0.52,23.76,391.33,
2020-08-05,116.8736,,,0.55,22.99,253.99,
2020-08-06,117.0422,,,0.55,22.65,285.63,
2020-08-07,117.6239,,,0.57,22.21,276.7,
2020-08-08,,,,,,353.43,
2020-08-09,,,,,,398.91,
2020-08-10,117.5821,,,0.59,22.13,388.62,
2020-08-11,117.3781,,,0.64,24.03,359.14,
2020-08-12,117.2559,,,0.69,22.28,202.2,
2020-08-13,117.1193,,,0.71,22.13,282.72,
2020-08-14,116.9395,,,0.71,22.05,345.8,
2020-08-15,,,,,,324.57,
2020-08-16,,,,,,531.9,
2020-08-17,116.749,,,0.69,21.35,350.55,
2020-08-18,116.5593,,,0.67,21.51,341.68,
2020-08-19,116.567,,,0.68,22.54,216.18,
2020-08-20,116.8126,,,0.65,22.72,250.25,
2020-08-21,117.0572,,,0.64,22.54,286.03,
2020-08-22,,,,,,217.76,
2020-08-23,,,,,,380.2,
2020-08-24,116.912,,,0.65,22.37,186.9,
2020-08-25,116.8206,,,0.69,22.03,213.68,
2020-08-26,116.6243,,,0.69,23.27,154.27,
2020-08-27,116.649,,,0.74,24.47,180.61,
2020-08-28,115.9374,,,0.74,22.96,296.28,
2020-08-29,,,,,,339.77,
2020-08-30,,,,,,296.28,
2020-08-31,115.7586,,,0.72,26.41,169.1,
2020-09-01,115.5687,259.997,0.09,0.68,26.12,204.69,309.3344640447869
2020-09-02,116.0304,,,0.66,26.57,237.83,
2020-09-03,116.0685,,,0.63,33.6,243.52,
2020-09-04,116.0347,,,0.72,30.75,224.01,
2020-09-05,,,,,,258.22,
2020-09-06,,,,,,484.25,
2020-09-07,,,,,,491.37,
2020-09-08,116.4618,,,0.69,31.46,208.78,
2020-09-09,116.1291,,,0.71,28.81,209.54,
2020-09-10,115.8806,,,0.68,29.71,218.1,
2020-09-11,116.0866,,,0.67,26.87,237.03,
2020-09-12,,,,,,218.84,
2020-09-13,,,,,,318.66,
2020-09-14,115.6428,,,0.68,25.85,270.62,
2020-09-15,115.5908,,,0.68,25.59,245.27,
2020-09-16,115.3537,,,0.69,26.04,244.64,
2020-09-17,115.4392,,,0.69,26.46,248.91,
2020-09-18,115.2395,,,0.7,25.83,244.41,
2020-09-19,,,,,,187.42,
2020-09-20,,,,,,437.15,
2020-09-21,116.378,,,0.68,27.78,177.56,
2020-09-22,116.5438,,,0.68,26.86,126.1,
2020-09-23,117.2526,,,0.68,28.58,161.46,
2020-09-24,117.5473,,,0.67,28.51,246.25,
2020-09-25,117.8679,,,0.66,26.38,252.32,
2020-09-26,,,,,,134.92,
2020-09-27,,,,,,317.07,
2020-09-28,117.6178,,,0.67,26.19,189.79,
2020-09-29,117.526,,,0.66,26.27,185.6,
2020-09-30,116.946,,,0.69,26.37,207.77,
2020-10-01,116.7227,260.319,0.09,0.68,26.7,259.5,306.5552708878756
2020-10-02,116.7321,,,0.7,27.63,390.29,
2020-10-03,,,,,,340.62,
2020-10-04,,,,,,332.63,
2020-10-05,116.1767,,,0.78,27.96,273.84,
2020-10-06,116.2681,,,0.76,29.48,334.28,
2020-10-07,116.3447,,,0.81,28.06,426.88,
2020-10-08,116.1657,,,0.78,26.36,294.91,
2020-10-09,115.2757,,,0.79,25.0,306.7,
2020-10-10,,,,,,396.92,
2020-10-11,,,,,,492.14,
2020-10-12,,,,,25.07,289.7,
2020-10-13,115.9107,,,0.74,26.07,220.87,
2020-10-14,115.6872,,,0.73,26.4,341.81,
2020-10-15,116.0964,,,0.74,26.97,141.19,
2020-10-16,115.7679,,,0.76,27.41,200.48,
2020-10-17,,,,,,161.13,
2020-10-18,,,,,,285.62,
2020-10-19,115.4031,,,0.78,29.18,249.35,
2020-10-20,115.2485,,,0.81,29.35,234.01,
2020-10-21,114.9108,,,0.83,28.65,158.05,
2020-10-22,115.1158,,,0.87,28.11,167.77,
2020-10-23,115.0126,,,0.85,27.55,138.34,
2020-10-24,,,,,,129.44,
2020-10-25,,,,,,369.86,
2020-10-26,115.2797,,,0.81,32.46,294.62,
2020-10-27,115.0131,,,0.79,33.35,187.07,
2020-10-28,115.8023,,,0.79,40.28,234.14,
2020-10-29,116.3069,,,0.85,37.59,298.36,
2020-10-30,116.1354,,,0.88,38.02,277.43,
2020-10-31,,,,,,186.36,
2020-11-01,,260.911,0.09,,,271.71,397.37945265644953
2020-11-02,116.2361,,,0.87,37.13,418.93,
2020-11-03,115.4802,,,0.9,35.55,335.3,
2020-11-04,115.1677,,,0.78,29.57,370.7,
2020-11-05,114.4556,,,0.79,27.58,303.07,
2020-11-06,113.9919,,,0.83,24.86,390.29,
2020-11-07,,,,,,452.23,
2020-11-08,,,,,,416.76,
2020-11-09,114.0895,,,0.96,25.75,254.34,
2020-11-10,114.0757,,,0.98,24.8,192.03,
2020-11-11,,,,,23.45,252.06,
2020-11-12,114.2843,,,0.88,25.35,184.25,
2020-11-13,114.2397,,,0.89,23.1,123.79,
2020-11-14,,,,,,225.66,
2020-11-15,,,,,,218.9,
2020-11-16,113.8312,,,0.91,22.45,254.24,
2020-11-17,113.682,,,0.87,22.71,196.81,
2020-11-18,113.46,,,0.88,23.84,154.81,
2020-11-19,113.694,,,0.86,23.11,224.65,
2020-11-20,113.489,,,0.83,23.7,230.2,
2020-11-21,,,,,,196.02,
2020-11-22,,,,,,359.33,
2020-11-23,113.7548,,,0.86,22.66,415.59,
2020-11-24,113.4316,,,0.88,21.64,262.51,
2020-11-25,113.1823,,,0.88,21.25,276.82,
2020-11-26,,,,,,157.55,
2020-11-27,,,,0.84,20.84,238.32,
2020-11-28,,,,,,149.05,
2020-11-29,,,,,,258.52,
2020-11-30,113.2256,,,0.84,20.57,156.15,
2020-12-01,112.8063,262.045,0.09,0.92,20.77,248.2,302.48026692951555
2020-12-02,112.6115,,,0.95,21.17,156.7,
2020-12-03,112.0236,,,0.92,21.28,189.91,
2020-12-04,111.7778,,,0.97,20.79,215.13,
2020-12-05,,,,,,141.89,
2020-12-06,,,,,,363.84,
2020-12-07,111.8385,,,0.94,21.3,269.89,
2020-12-08,111.8639,,,0.92,20.68,259.64,
2020-12-09,112.0305,,,0.95,22.27,144.77,
2020-12-10,111.9788,,,0.92,22.52,256.04,
2020-12-11,112.1417,,,0.9,23.31,122.3,
2020-12-12,,,,,,141.22,
2020-12-13,,,,,,379.17,
2020-12-14,112.1708,,,0.9,24.72,186.91,
2020-12-15,111.8601,,,0.92,22.89,139.29,
2020-12-16,111.7157,,,0.92,22.5,136.12,
2020-12-17,111.2226,,,0.94,21.93,195.87,
2020-12-18,111.6071,,,0.95,21.57,146.67,
2020-12-19,,,,,,154.77,
2020-12-20,,,,,,196.41,
2020-12-21,111.9415,,,0.95,25.16,246.79,
2020-12-22,112.1947,,,0.93,24.23,147.55,
2020-12-23,111.9807,,,0.96,23.31,291.07,
2020-12-24,,,,0.94,21.53,256.16,
2020-12-25,,,,,,174.42,
2020-12-26,,,,,,699.78,
2020-12-27,,,,,,358.97,
2020-12-28,111.9752,,,0.94,21.7,217.47,
2020-12-29,111.5172,,,0.94,23.08,286.36,
2020-12-30,111.3084,,,0.93,22.77,368.46,
2020-12-31,111.3169,,,0.93,22.75,307.12,
2021-01-01,,262.687,0.09,,,429.48,271.75653651100254
2021-01-02,,,,,,190.39,
2021-01-03,,,,,,324.05,
2021-01-04,111.2075,,,0.93,26.97,233.3,
2021-01-05,110.9574,,,0.96,25.34,208.61,
2021-01-06,110.8502,,,1.04,25.07,139.81,
2021-01-07,111.3042,,,1.08,22.37,124.29,
2021-01-08,111.2847,,,1.13,21.56,104.8,
2021-01-09,,,,,,115.22,
2021-01-10,,,,,,283.14,
2021-01-11,111.8257,,,1.15,24.08,308.7,
2021-01-12,111.5501,,,1.15,23.33,229.15,
2021-01-13,111.3622,,,1.1,22.21,223.57,
2021-01-14,111.1567,,,1.15,23.25,157.94,
2021-01-15,111.5106,,,1.11,24.34,149.93,
2021-01-16,,,,,,228.3,
2021-01-17,,,,,,209.94,
2021-01-18,,,,,,159.6,
2021-01-19,111.4527,,,1.1,23.24,170.18,
2021-01-20,,,,1.1,21.58,309.33,
2021-01-21,111.1973,,,1.12,21.32,280.95,
2021-01-22,111.5516,,,1.1,21.91,192.0,
2021-01-23,,,,,,147.81,
2021-01-24,,,,,,291.37,
2021-01-25,111.8676,,,1.05,23.19,241.85,
2021-01-26,111.6572,,,1.05,23.02,254.93,
2021-01-27,112.0782,,,1.04,37.21,251.13,
2021-01-28,112.0059,,,1.07,30.21,150.0,
2021-01-29,111.9511,,,1.11,33.09,248.96,
2021-01-30,,,,,,139.41,
2021-01-31,,,,,,199.79,
2021-02-01,112.4189,263.579,0.08,1.09,30.24,144.04,195.1068145269577
2021-02-02,112.2862,,,1.12,25.56,282.75,
2021-02-03,112.2567,,,1.15,22.91,145.65,
2021-02-04,112.7469,,,1.15,21.77,129.36,
2021-02-05,112.2379,,,1.19,20.87,111.2,
2021-02-06,,,,,,99.84,
2021-02-07,,,,,,200.27,
2021-02-08,112.0428,,,1.19,21.24,232.61,
2021-02-09,111.7675,,,1.18,21.63,84.45,
2021-02-10,111.5834,,,1.15,21.99,113.01,
2021-02-11,111.5272,,,1.16,21.25,121.93,
2021-02-12,111.4889,,,1.2,19.97,211.29,
2021-02-13,,,,,,180.0,
2021-02-14,,,,,,153.61,
2021-02-15,,,,,,152.79,
2021-02-16,111.7879,,,1.3,21.46,150.29,
2021-02-17,112.0204,,,1.29,21.5,84.88,
2021-02-18,112.1603,,,1.29,22.49,148.02,
2021-02-19,111.7058,,,1.34,22.05,106.51,
2021-02-20,,,,,,107.05,
2021-02-21,,,,,,135.8,
2021-02-22,111.918,,,1.37,23.45,132.3,
2021-02-23,111.8981,,,1.37,23.11,145.25,
2021-02-24,111.7212,,,1.38,21.34,186.94,
2021-02-25,111.9253,,,1.54,28.89,124.74,
2021-02-26,112.8306,,,1.44,27.95,223.25,
2021-02-27,,,,,,220.62,
2021-02-28,,,,,,194.65,
2021-03-01,112.5263,264.961,0.07,1.45,23.35,257.79,212.04868951840004
2021-03-02,112.5342,,,1.42,24.1,122.0,
2021-03-03,112.7617,,,1.47,26.67,103.44,
2021-03-04,112.7037,,,1.54,28.57,76.48,
2021-03-05,113.7487,,,1.56,24.66,231.03,
2021-03-06,,,,,,206.96,
2021-03-07,,,,,,229.1,
2021-03-08,114.2678,,,1.59,25.47,328.48,
2021-03-09,113.928,,,1.55,24.03,167.78,
2021-03-10,113.5881,,,1.53,22.56,195.33,
2021-03-11,112.9214,,,1.54,21.91,275.24,
2021-03-12,113.0269,,,1.64,20.69,106.71,
2021-03-13,,,,,,108.34,
2021-03-14,,,,,,216.17,
2021-03-15,113.1928,,,1.62,20.03,206.85,
2021-03-16,112.9839,,,1.62,19.79,87.46,
2021-03-17,113.1589,,,1.63,19.23,187.89,
2021-03-18,112.7744,,,1.71,21.58,180.02,
2021-03-19,112.9756,,,1.74,20.95,211.66,
2021-03-20,,,,,,301.26,
2021-03-21,,,,,,152.98,
2021-03-22,113.0023,,,1.69,18.88,275.36,
2021-03-23,113.2916,,,1.63,20.3,193.53,
2021-03-24,113.6565,,,1.62,21.2,126.24,
2021-03-25,114.0016,,,1.63,19.81,142.05,
2021-03-26,113.7406,,,1.67,18.86,108.99,
2021-03-27,,,,,,87.78,
2021-03-28,,,,,,155.99,
2021-03-29,113.9314,,,1.73,20.74,177.66,
2021-03-30,114.203,,,1.73,19.61,121.16,
2021-03-31,113.8234,,,1.74,19.4,136.03,
2021-04-01,113.7389,266.614,0.07,1.69,17.33,76.09,193.9223276543613
2021-04-02,113.7315,,,1.72,,130.61,
2021-04-03,,,,,,120.78,
2021-04-04,,,,,,210.38,
2021-04-05,113.394,,,1.73,17.91,181.6,
2021-04-06,113.1464,,,1.67,18.12,125.46,
2021-04-07,113.2436,,,1.68,17.16,205.44,
2021-04-08,113.0917,,,1.64,16.95,115.07,
2021-04-09,113.2028,,,1.67,16.69,115.04,
2021-04-10,,,,,,138.65,
2021-04-11,,,,,,300.55,
2021-04-12,113.1815,,,1.69,16.91,69.6,
2021-04-13,113.0391,,,1.64,16.65,112.82,
2021-04-14,112.7849,,,1.64,16.99,65.13,
2021-04-15,112.6181,,,1.56,16.57,111.93,
2021-04-16,112.4814,,,1.59,16.25,86.85,
2021-04-17,,,,,,108.04,
2021-04-18,,,,,,128.86,
2021-04-19,112.1835,,,1.61,17.29,92.0,
2021-04-20,112.2354,,,1.58,18.68,89.99,
2021-04-21,112.1771,,,1.57,17.5,100.71,
2021-04-22,112.2297,,,1.57,18.71,70.82,
2021-04-23,112.0889,,,1.58,17.33,102.84,
2021-04-24,,,,,,76.35,
2021-04-25,,,,,,106.95,
2021-04-26,111.8109,,,1.58,17.64,84.99,
2021-04-27,111.9097,,,1.63,17.56,165.42,
2021-04-28,111.7909,,,1.63,17.28,102.3,
2021-04-29,111.7464,,,1.65,17.61,153.32,
2021-04-30,112.0839,,,1.65,18.61,125.83,
2021-05-01,,268.383,0.06,,,107.85,173.12515293203327
2021-05-02,,,,,,184.5,
2021-05-03,112.005,,,1.63,18.31,297.27,
2021-05-04,112.2896,,,1.61,19.48,119.21,
2021-05-05,112.1514,,,1.59,19.15,176.89,
2021-05-06,111.8401,,,1.58,18.39,142.39,
2021-05-07,111.0249,,,1.6,16.69,170.41,
2021-05-08,,,,,,134.18,
2021-05-09,,,,,,114.95,
2021-05-10,110.7905,,,1.63,19.66,168.8,
2021-05-11,110.8921,,,1.64,21.84,175.89,
2021-05-12,111.5636,,,1.69,27.59,78.7,
2021-05-13,111.5955,,,1.66,23.13,94.65,
2021-05-14,111.1353,,,1.63,18.81,100.11,
2021-05-15,,,,,,53.8,
2021-05-16,,,,,,129.76,
2021-05-17,111.079,,,1.64,19.72,128.94,
2021-05-18,110.8317,,,1.64,21.34,96.41,
2021-05-19,110.8807,,,1.68,22.18,147.69,
2021-05-20,110.8605,,,1.63,20.67,189.22,
2021-05-21,111.0576,,,1.63,20.15,108.94,
2021-05-22,,,,,,80.84,
2021-05-23,,,,,,181.82,
2021-05-24,110.9118,,,1.61,18.4,183.43,
2021-05-25,110.842,,,1.56,18.84,145.6,
2021-05-26,110.8677,,,1.58,17.36,71.66,
2021-05-27,110.8688,,,1.61,16.74,70.25,
2021-05-28,110.7576,,,1.58,16.76,171.86,
2021-05-29,,,,,,20.63,
2021-05-30,,,,,,91.45,
2021-05-31,,,,,,74.69,
2021-06-01,110.5046,270.654,0.08,1.62,17.9,176.43,170.97337846011976
2021-06-02,110.5799,,,1.59,17.48,83.31,
2021-06-03,111.1782,,,1.63,18.04,109.44,
2021-06-04,110.7521,,,1.56,16.42,68.0,
2021-06-05,,,,,,48.51,
2021-06-06,,,,,,122.76,
2021-06-07,110.5155,,,1.57,16.42,111.43,
2021-06-08,110.649,,,1.53,17.07,109.81,
2021-06-09,110.5707,,,1.5,17.89,131.85,
2021-06-10,110.5456,,,1.45,16.1,122.88,
2021-06-11,111.0933,,,1.47,15.65,97.74,
2021-06-12,,,,,,63.44,
2021-06-13,,,,,,127.53,
2021-06-14,110.9659,,,1.51,16.39,117.23,
2021-06-15,111.3507,,,1.51,17.02,109.37,
2021-06-16,111.1165,,,1.57,18.15,104.83,
2021-06-17,112.5772,,,1.52,17.75,94.44,
2021-06-18,113.0408,,,1.45,20.7,142.32,
2021-06-19,,,,,,64.25,
2021-06-20,,,,,,95.85,
2021-06-21,112.8391,,,1.5,17.89,174.11,
2021-06-22,112.9174,,,1.48,16.66,100.0,
2021-06-23,112.3819,,,1.5,16.32,60.28,
2021-06-24,112.326,,,1.49,15.97,113.04,
2021-06-25,111.9655,,,1.54,15.62,92.88,
2021-06-26,,,,,,73.15,
2021-06-27,,,,,,302.87,
2021-06-28,112.0248,,,1.49,15.76,168.47,
2021-06-29,112.2613,,,1.49,16.02,74.51,
2021-06-30,112.5533,,,1.45,15.83,133.65,
2021-07-01,112.74,271.903,0.1,1.48,15.48,82.66,189.07865457809666
2021-07-02,112.5425,,,1.44,15.07,133.09,
2021-07-03,,,,,,82.15,
2021-07-04,,,,,,160.07,
2021-07-05,,,,,,144.78,
2021-07-06,112.9516,,,1.37,16.44,199.58,
2021-07-07,113.1048,,,1.33,16.2,57.23,
2021-07-08,113.0776,,,1.3,19.0,67.69,
2021-07-09,112.8375,,,1.37,16.18,84.3,
2021-07-10,,,,,,113.6,
2021-07-11,,,,,,118.92,
2021-07-12,112.7611,,,1.38,16.17,144.11,
2021-07-13,113.0063,,,1.42,17.12,192.35,
2021-07-14,112.8801,,,1.37,16.33,98.68,
2021-07-15,113.0041,,,1.31,17.01,153.82,
2021-07-16,113.0428,,,1.31,18.45,140.71,
2021-07-17,,,,,,126.48,
2021-07-18,,,,,,216.59,
2021-07-19,113.5472,,,1.19,22.5,103.99,
2021-07-20,113.7502,,,1.23,19.73,130.37,
2021-07-21,113.3926,,,1.3,17.91,185.19,
2021-07-22,113.4695,,,1.27,17.69,91.1,
2021-07-23,113.4398,,,1.3,17.2,138.66,
2021-07-24,,,,,,89.31,
2021-07-25,,,,,,170.04,
2021-07-26,113.2238,,,1.29,17.58,125.45,
2021-07-27,113.2227,,,1.25,19.36,132.55,
2021-07-28,113.1807,,,1.26,18.31,152.66,
2021-07-29,112.4834,,,1.28,17.7,144.4,
2021-07-30,112.6714,,,1.24,18.24,133.44,
2021-07-31,,,,,,116.35,
2021-08-01,,272.676,0.09,,,125.09,201.28162501514726
2021-08-02,112.6691,,,1.2,19.46,124.58,
2021-08-03,112.8228,,,1.19,18.04,77.81,
2021-08-04,112.8953,,,1.19,17.97,67.39,
2021-08-05,112.7674,,,1.23,17.28,179.01,
2021-08-06,113.3088,,,1.31,16.15,107.12,
2021-08-07,,,,,,57.9,
2021-08-08,,,,,,241.48,
2021-08-09,113.4521,,,1.33,16.72,134.96,
2021-08-10,113.4973,,,1.36,16.79,399.87,
2021-08-11,113.282,,,1.35,16.06,96.07,
2021-08-12,113.2691,,,1.36,15.59,90.39,
2021-08-13,113.0615,,,1.29,15.45,101.4,
2021-08-14,,,,,,95.63,
2021-08-15,,,,,,91.76,
2021-08-16,113.1698,,,1.26,16.12,131.18,
2021-08-17,113.6174,,,1.26,17.91,113.72,
2021-08-18,113.6959,,,1.27,21.57,113.23,
2021-08-19,114.1106,,,1.24,21.67,78.58,
2021-08-20,114.5009,,,1.26,18.56,85.35,
2021-08-21,,,,,,70.76,
2021-08-22,,,,,,304.68,
2021-08-23,113.9418,,,1.25,17.15,177.96,
2021-08-24,113.6795,,,1.29,17.22,86.77,
2021-08-25,113.6322,,,1.35,16.79,74.18,
2021-08-26,113.7883,,,1.34,18.84,54.9,
2021-08-27,113.3404,,,1.31,16.39,69.52,
2021-08-28,,,,,,147.47,
2021-08-29,,,,,,105.19,
2021-08-30,113.246,,,1.29,16.19,77.75,
2021-08-31,113.1076,,,1.3,16.48,166.77,
2021-09-01,112.8732,273.91,0.08,1.31,16.11,88.74,211.94786926470647
2021-09-02,112.7863,,,1.29,16.41,72.75,
2021-09-03,112.5476,,,1.33,16.41,88.32,
2021-09-04,,,,,,78.8,
2021-09-05,,,,,,229.72,
2021-09-06,,,,,,222.33,
2021-09-07,112.9795,,,1.38,18.14,165.86,
2021-09-08,113.2319,,,1.35,17.96,118.66,
2021-09-09,113.043,,,1.3,18.8,56.89,
2021-09-10,112.9425,,,1.35,20.95,72.22,
2021-09-11,,,,,,96.32,
2021-09-12,,,,,,152.3,
2021-09-13,113.0341,,,1.33,19.37,209.02,
2021-09-14,113.0061,,,1.28,19.46,135.76,
2021-09-15,112.9773,,,1.31,18.18,106.93,
2021-09-16,113.3036,,,1.34,18.69,44.76,
2021-09-17,113.5989,,,1.37,20.81,83.45,
2021-09-18,,,,,,63.85,
2021-09-19,,,,,,91.65,
2021-09-20,113.9422,,,1.31,25.71,159.31,
2021-09-21,113.8179,,,1.33,24.36,196.08,
2021-09-22,113.6223,,,1.32,20.87,98.64,
2021-09-23,113.513,,,1.41,18.63,79.1,
2021-09-24,113.7597,,,1.47,17.75,86.86,
2021-09-25,,,,,,82.85,
2021-09-26,,,,,,108.75,
2021-09-27,113.7432,,,1.48,18.76,243.51,
2021-09-28,114.2469,,,1.54,23.25,126.3,
2021-09-29,114.7092,,,1.55,22.56,104.63,
2021-09-30,114.6403,,,1.52,23.14,142.53,
2021-10-01,114.3798,276.55,0.08,1.48,21.15,88.83,187.2398433784515
2021-10-02,,,,,,100.28,
2021-10-03,,,,,,166.17,
2021-10-04,114.2739,,,1.49,22.96,148.03,
2021-10-05,114.3654,,,1.54,21.3,97.14,
2021-10-06,114.7185,,,1.53,21.0,145.53,
2021-10-07,114.5044,,,1.58,19.54,100.93,
2021-10-08,114.5986,,,1.61,18.77,96.69,
2021-10-09,,,,,,248.61,
2021-10-10,,,,,,122.3,
2021-10-11,,,,,20.0,85.57,
2021-10-12,114.7542,,,1.59,19.85,90.52,
2021-10-13,114.4705,,,1.56,18.64,111.12,
2021-10-14,114.2053,,,1.52,16.86,94.34,
2021-10-15,114.0905,,,1.59,16.3,65.19,
2021-10-16,,,,,,86.82,
2021-10-17,,,,,,238.11,
2021-10-18,113.9899,,,1.59,16.31,159.77,
2021-10-19,113.647,,,1.65,15.7,73.95,
2021-10-20,113.5083,,,1.65,15.49,59.85,
2021-10-21,113.6188,,,1.68,15.01,69.73,
2021-10-22,113.67,,,1.66,15.43,101.73,
2021-10-23,,,,,,69.32,
2021-10-24,,,,,,185.92,
2021-10-25,113.605,,,1.64,15.24,102.62,
2021-10-26,113.674,,,1.63,15.98,99.45,
2021-10-27,113.6218,,,1.54,16.98,63.73,
2021-10-28,113.4389,,,1.57,16.53,90.49,
2021-10-29,114.1349,,,1.55,16.26,77.35,
2021-10-30,,,,,,61.28,
2021-10-31,,,,,,97.73,
2021-11-01,114.2067,278.919,0.08,1.58,16.41,136.17,229.32187991367334
2021-11-02,114.2847,,,1.56,16.03,110.75,
2021-11-03,114.3593,,,1.6,15.1,188.57,
2021-11-04,114.3558,,,1.53,15.44,156.8,
2021-11-05,114.0732,,,1.45,16.48,211.53,
2021-11-06,,,,,,205.66,
2021-11-07,,,,,,264.34,
2021-11-08,113.8256,,,1.51,17.22,363.38,
2021-11-09,113.762,,,1.46,17.78,149.84,
2021-11-10,114.1484,,,1.56,18.73,39.0,
2021-11-11,,,,,17.66,65.66,
2021-11-12,114.5144,,,1.58,16.29,202.74,
2021-11-13,,,,,,79.21,
2021-11-14,,,,,,173.41,
2021-11-15,114.5876,,,1.63,16.49,107.9,
2021-11-16,115.136,,,1.63,16.37,112.32,
2021-11-17,115.0263,,,1.6,17.11,114.88,
2021-11-18,115.0678,,,1.59,17.59,141.8,
2021-11-19,115.2187,,,1.54,17.91,120.37,
2021-11-20,,,,,,192.7,
2021-11-21,,,,,,87.77,
2021-11-22,115.6481,,,1.63,19.17,92.12,
2021-11-23,116.0118,,,1.67,19.38,98.64,
2021-11-24,116.2711,,,1.64,18.58,131.12,
2021-11-25,,,,,,58.34,
2021-11-26,116.5103,,,1.48,28.62,57.97,
2021-11-27,,,,,,44.45,
2021-11-28,,,,,,126.1,
2021-11-29,116.581,,,1.52,22.96,103.8,
2021-11-30,116.2071,,,1.43,27.19,117.24,
2021-12-01,115.889,280.845,0.08,1.43,31.12,108.42,258.40928353024697
2021-12-02,116.018,,,1.44,27.95,90.4,
2021-12-03,116.2377,,,1.35,30.67,219.57,
2021-12-04,,,,,,169.9,
2021-12-05,,,,,,173.55,
2021-12-06,116.1538,,,1.43,27.18,90.05,
2021-12-07,115.8555,,,1.48,21.89,121.78,
2021-12-08,115.4418,,,1.52,19.9,94.23,
2021-12-09,115.7784,,,1.49,21.58,59.47,
2021-12-10,115.5732,,,1.48,18.69,78.93,
2021-12-11,,,,,,84.96,
2021-12-12,,,,,,184.54,
2021-12-13,115.842,,,1.42,20.31,214.47,
2021-12-14,116.2397,,,1.44,21.89,76.16,
2021-12-15,116.4219,,,1.47,19.29,103.8,
2021-12-16,115.7146,,,1.44,20.57,152.15,
2021-12-17,115.791,,,1.41,21.57,130.93,
2021-12-18,,,,,,111.46,
2021-12-19,,,,,,185.69,
2021-12-20,116.0092,,,1.43,22.87,118.72,
2021-12-21,116.1089,,,1.48,21.01,164.17,
2021-12-22,115.7485,,,1.46,18.63,130.79,
2021-12-23,115.5337,,,1.5,17.96,171.54,
2021-12-24,,,,,,98.9,
2021-12-25,,,,,,203.29,
2021-12-26,,,,,,271.9,
2021-12-27,115.4684,,,1.48,17.68,179.41,
2021-12-28,115.4192,,,1.49,17.54,113.84,
2021-12-29,115.3678,,,1.55,16.95,84.18,
2021-12-30,115.283,,,1.52,17.33,131.66,
2021-12-31,,,,1.52,17.22,132.09,
2022-01-01,,282.543,0.08,,,169.59,221.70366663726656
2022-01-02,,,,,,157.01,
2022-01-03,115.4101,,,1.63,16.6,146.6,
2022-01-04,115.3103,,,1.66,16.91,192.08,
2022-01-05,115.137,,,1.71,19.73,111.08,
2022-01-06,115.4046,,,1.73,19.61,235.1,
2022-01-07,115.0451,,,1.76,18.76,57.41,
2022-01-08,,,,,,139.45,
2022-01-09,,,,,,115.26,
2022-01-10,115.2216,,,1.78,19.4,120.25,
2022-01-11,114.8332,,,1.75,18.41,77.55,
2022-01-12,114.355,,,1.74,17.62,91.97,
2022-01-13,114.177,,,1.7,20.31,57.28,
2022-01-14,114.3825,,,1.78,19.19,73.63,
2022-01-15,,,,,,169.9,
2022-01-16,,,,,,507.73,
2022-01-17,,,,,,174.94,
2022-01-18,114.7373,,,1.87,22.79,77.0,
2022-01-19,114.6109,,,1.83,23.85,71.25,
2022-01-20,114.4642,,,1.83,25.59,72.93,
2022-01-21,114.6125,,,1.75,28.85,126.04,
2022-01-22,,,,,,52.51,
2022-01-23,,,,,,122.72,
2022-01-24,115.2034,,,1.75,29.9,273.48,
2022-01-25,115.1654,,,1.78,31.16,190.88,
2022-01-26,115.0922,,,1.85,31.96,146.78,
2022-01-27,115.978,,,1.81,30.49,164.89,
2022-01-28,116.0393,,,1.78,27.66,129.34,
2022-01-29,,,,,,126.32,
2022-01-30,,,,,,179.99,
2022-01-31,115.566,,,1.79,24.83,184.81,
2022-02-01,115.3685,284.5,0.08,1.81,21.96,143.53,175.82258801196468
2022-02-02,115.1538,,,1.78,22.09,101.01,
2022-02-03,114.9065,,,1.82,24.35,93.56,
2022-02-04,115.1362,,,1.93,23.22,171.57,
2022-02-05,,,,,,111.26,
2022-02-06,,,,,,121.68,
2022-02-07,115.0098,,,1.92,22.86,97.27,
2022-02-08,115.0892,,,1.96,21.44,115.82,
2022-02-09,114.8232,,,1.94,19.96,83.48,
2022-02-10,114.5527,,,2.03,23.91,84.38,
2022-02-11,114.8413,,,1.92,27.36,67.68,
2022-02-12,,,,,,85.27,
2022-02-13,,,,,,155.44,
2022-02-14,115.1946,,,1.98,28.33,201.81,
2022-02-15,114.93,,,2.05,25.7,109.46,
2022-02-16,114.6886,,,2.03,24.29,73.91,
2022-02-17,114.6755,,,1.97,28.11,107.1,
2022-02-18,114.7982,,,1.92,27.75,180.25,
2022-02-19,,,,,,139.8,
2022-02-20,,,,,,133.87,
2022-02-21,,,,,,114.2,
2022-02-22,114.7002,,,1.94,28.81,180.27,
2022-02-23,114.6668,,,1.99,31.02,89.64,
2022-02-24,115.9419,,,1.96,30.32,156.68,
2022-02-25,115.2577,,,1.97,27.59,161.59,
2022-02-26,,,,,,175.73,
2022-02-27,,,,,,160.39,
2022-02-28,115.2224,,,1.83,30.15,167.06,
2022-03-01,115.7962,287.674,0.2,1.72,33.32,188.05,298.1883650247702
2022-03-02,115.7623,,,1.86,30.74,134.88,
2022-03-03,115.9495,,,1.86,30.48,204.82,
2022-03-04,116.6503,,,1.74,31.98,219.09,
2022-03-05,,,,,,212.98,
2022-03-06,,,,,,142.22,
2022-03-07,117.3278,,,1.78,36.45,164.7,
2022-03-08,117.6176,,,1.86,35.13,165.06,
2022-03-09,116.5961,,,1.94,32.45,142.59,
2022-03-10,116.7401,,,1.98,30.23,150.53,
2022-03-11,117.0192,,,2.0,30.75,232.96,
2022-03-12,,,,,,174.06,
2022-03-13,,,,,,352.88,
2022-03-14,117.1506,,,2.14,31.77,222.54,
2022-03-15,117.246,,,2.15,29.83,154.33,
2022-03-16,116.8073,,,2.19,26.67,216.66,
2022-03-17,116.0467,,,2.2,25.67,137.82,
2022-03-18,116.1378,,,2.14,23.87,171.27,
2022-03-19,,,,,,100.89,
2022-03-20,,,,,,161.71,
2022-03-21,115.9398,,,2.32,23.53,239.83,
2022-03-22,116.0824,,,2.38,22.94,137.53,
2022-03-23,116.005,,,2.32,23.57,116.56,
2022-03-24,115.9599,,,2.34,21.67,128.23,
2022-03-25,115.7921,,,2.48,20.81,209.01,
2022-03-26,,,,,,204.08,
2022-03-27,,,,,,396.7,
2022-03-28,116.1911,,,2.46,19.63,322.1,
2022-03-29,115.5679,,,2.41,18.9,193.93,
2022-03-30,115.0818,,,2.35,19.33,105.19,
2022-03-31,115.2218,,,2.32,20.56,81.85,
2022-04-01,115.4814,288.561,0.33,2.39,19.63,114.29,269.5029595473497
2022-04-02,,,,,,160.34,
2022-04-03,,,,,,65.82,
2022-04-04,115.4112,,,2.42,18.57,115.67,
2022-04-05,115.73,,,2.54,21.03,126.89,
2022-04-06,115.9995,,,2.61,22.1,168.21,
2022-04-07,116.3512,,,2.66,21.55,171.04,
2022-04-08,116.4176,,,2.72,21.16,124.74,
2022-04-09,,,,,,92.39,
2022-04-10,,,,,,324.04,
2022-04-11,116.5401,,,2.79,24.37,241.25,
2022-04-12,116.3866,,,2.72,24.26,103.12,
2022-04-13,116.2796,,,2.7,21.82,90.43,
2022-04-14,116.7558,,,2.83,22.7,142.29,
2022-04-15,116.7017,,,,,98.36,
2022-04-16,,,,,,85.21,
2022-04-17,,,,,,105.38,
2022-04-18,116.8441,,,2.85,22.17,93.03,
2022-04-19,117.1324,,,2.93,21.37,276.08,
2022-04-20,116.7306,,,2.85,20.32,95.07,
2022-04-21,117.1432,,,2.9,22.68,89.05,
2022-04-22,118.0186,,,2.9,28.21,148.56,
2022-04-23,,,,,,112.1,
2022-04-24,,,,,,131.87,
2022-04-25,118.6271,,,2.81,27.02,126.9,
2022-04-26,118.9624,,,2.77,33.52,130.06,
2022-04-27,119.4708,,,2.82,31.6,69.39,
2022-04-28,120.0675,,,2.85,29.99,80.21,
2022-04-29,119.4933,,,2.89,33.4,126.12,
2022-04-30,,,,,,281.5,
2022-05-01,,291.298,0.77,,,150.39,275.8742104755495
2022-05-02,119.8825,,,2.99,32.34,99.33,
2022-05-03,119.7043,,,2.97,29.25,103.64,
2022-05-04,119.5592,,,2.93,25.42,123.78,
2022-05-05,120.0068,,,3.05,31.2,87.92,
2022-05-06,119.8577,,,3.12,30.19,212.5,
2022-05-07,,,,,,108.42,
2022-05-08,,,,,,307.96,
2022-05-09,120.4972,,,3.05,34.75,97.81,
2022-05-10,120.7742,,,2.99,32.99,135.75,
2022-05-11,120.3925,,,2.91,32.56,102.02,
2022-05-12,121.2796,,,2.84,31.77,144.73,
2022-05-13,120.8442,,,2.93,28.87,140.0,
2022-05-14,,,,,,130.88,
2022-05-15,,,,,,184.23,
2022-05-16,120.6881,,,2.88,27.47,124.37,
2022-05-17,119.8871,,,2.98,26.1,101.23,
2022-05-18,120.0274,,,2.89,30.96,97.83,
2022-05-19,119.4278,,,2.84,29.35,157.59,
2022-05-20,119.3677,,,2.78,29.43,185.12,
2022-05-21,,,,,,157.27,
2022-05-22,,,,,,247.4,
2022-05-23,118.7169,,,2.86,28.48,135.77,
2022-05-24,118.6245,,,2.76,29.45,135.79,
2022-05-25,118.9598,,,2.75,28.37,100.89,
2022-05-26,118.7687,,,2.75,27.5,132.56,
2022-05-27,118.2834,,,2.74,25.72,145.02,
2022-05-28,,,,,,61.72,
2022-05-29,,,,,,79.32,
2022-05-30,,,,,26.54,82.99,
2022-05-31,118.0704,,,2.85,26.19,72.9,
2022-06-01,118.6954,294.957,1.21,2.94,25.69,161.66,248.01935491968658
2022-06-02,118.0658,,,2.92,24.72,144.13,
2022-06-03,118.2153,,,2.96,24.79,163.85,
2022-06-04,,,,,,88.7,
2022-06-05,,,,,,139.95,
2022-06-06,118.3081,,,3.04,25.07,127.27,
2022-06-07,118.4414,,,2.98,24.02,167.65,
2022-06-08,118.3951,,,3.03,23.96,110.13,
2022-06-09,118.9226,,,3.04,26.09,112.11,
2022-06-10,119.9981,,,3.15,27.75,93.65,
2022-06-11,,,,,,80.16,
2022-06-12,,,,,,124.32,
2022-06-13,121.1523,,,3.43,34.02,95.37,
2022-06-14,121.6669,,,3.49,32.69,120.62,
2022-06-15,121.6403,,,3.33,29.62,140.82,
2022-06-16,120.6714,,,3.28,32.95,189.54,
2022-06-17,121.2369,,,3.25,31.13,108.29,
2022-06-18,,,,,,143.96,
2022-06-19,,,,,,184.49,
2022-06-20,,,,,31.03,165.42,
2022-06-21,120.6427,,,3.31,30.19,140.11,
2022-06-22,120.5197,,,3.16,28.95,96.97,
2022-06-23,120.7622,,,3.09,29.05,96.96,
2022-06-24,120.4853,,,3.13,27.23,111.86,
2022-06-25,,,,,,91.56,
2022-06-26,,,,,,239.87,
2022-06-27,120.1736,,,3.2,26.95,140.94,
2022-06-28,120.62,,,3.2,28.36,129.96,
2022-06-29,120.9616,,,3.1,28.16,135.33,
2022-06-30,120.9652,,,2.98,28.71,158.37,
2022-07-01,121.5058,294.913,1.68,2.88,26.7,177.73,292.80632953196897
2022-07-02,,,,,,130.95,
2022-07-03,,,,,,135.95,
2022-07-04,,,,,27.53,309.83,
2022-07-05,122.6203,,,2.82,27.54,116.59,
2022-07-06,123.0073,,,2.93,26.73,91.52,
2022-07-07,122.7257,,,3.01,26.08,93.67,
2022-07-08,122.4662,,,3.09,24.64,104.33,
2022-07-09,,,,,,104.17,
2022-07-10,,,,,,210.3,
2022-07-11,123.2974,,,2.99,26.17,200.3,
2022-07-12,123.4524,,,2.96,27.29,126.67,
2022-07-13,123.2834,,,2.91,26.82,52.82,
2022-07-14,124.0622,,,2.96,26.4,203.03,
2022-07-15,123.4765,,,2.93,24.23,210.77,
2022-07-16,,,,,,214.9,
2022-07-17,,,,,,195.72,
2022-07-18,122.7727,,,2.96,25.3,182.94,
2022-07-19,122.4819,,,3.01,24.5,177.18,
2022-07-20,122.5997,,,3.04,23.88,113.33,
2022-07-21,122.9032,,,2.91,23.11,132.76,
2022-07-22,122.451,,,2.77,23.03,138.82,
2022-07-23,,,,,,100.99,
2022-07-24,,,,,,209.57,
2022-07-25,122.4594,,,2.81,23.36,120.62,
2022-07-26,122.7581,,,2.81,24.69,94.68,
2022-07-27,122.8169,,,2.78,23.24,181.99,
2022-07-28,122.1161,,,2.68,22.33,111.0,
2022-07-29,121.7678,,,2.67,21.33,130.23,
2022-07-30,,,,,,61.72,
2022-07-31,,,,,,118.84,
2022-08-01,121.4109,295.097,2.33,2.6,22.84,141.32,235.83155122180185
2022-08-02,121.9486,,,2.75,23.93,96.66,
2022-08-03,122.3888,,,2.73,21.95,115.69,
2022-08-04,121.8333,,,2.68,21.44,78.43,
2022-08-05,122.321,,,2.83,21.15,107.43,
2022-08-06,,,,,,265.44,
2022-08-07,,,,,,187.1,
2022-08-08,121.8783,,,2.77,21.29,227.88,
2022-08-09,121.8614,,,2.8,21.77,189.05,
2022-08-10,120.7543,,,2.78,19.74,84.3,
2022-08-11,120.7163,,,2.87,20.2,99.36,
2022-08-12,121.018,,,2.84,19.53,48.55,
2022-08-13,,,,,,112.14,
2022-08-14,,,,,,95.08,
2022-08-15,121.4315,,,2.79,19.95,145.63,
2022-08-16,121.6807,,,2.82,19.69,103.94,
2022-08-17,122.0711,,,2.89,19.9,75.77,
2022-08-18,122.3627,,,2.88,19.56,92.67,
2022-08-19,123.0501,,,2.98,20.6,98.49,
2022-08-20,,,,,,49.35,
2022-08-21,,,,,,149.65,
2022-08-22,123.605,,,3.03,23.8,169.02,
2022-08-23,123.0547,,,3.05,24.11,93.31,
2022-08-24,123.109,,,3.11,22.82,137.29,
2022-08-25,123.0586,,,3.03,21.78,66.37,
2022-08-26,123.0656,,,3.04,25.56,121.88,
2022-08-27,,,,,,96.29,
2022-08-28,,,,,,138.76,
2022-08-29,123.4686,,,3.12,26.21,97.52,
2022-08-30,123.6848,,,3.11,26.21,83.23,
2022-08-31,123.535,,,3.15,25.87,126.46,
2022-09-01,124.4006,296.349,2.56,3.26,25.56,75.93,248.85490514799466
2022-09-02,123.7743,,,3.2,25.47,65.23,
2022-09-03,,,,,,65.72,
2022-09-04,,,,,,95.37,
2022-09-05,,,,,25.99,158.69,
2022-09-06,124.767,,,3.33,26.91,91.55,
2022-09-07,124.8408,,,3.27,24.64,87.66,
2022-09-08,124.578,,,3.29,23.61,47.62,
2022-09-09,123.7874,,,3.33,22.79,66.03,
2022-09-10,,,,,,64.78,
2022-09-11,,,,,,141.95,
2022-09-12,123.3332,,,3.37,23.87,162.37,
2022-09-13,124.4242,,,3.42,27.27,95.35,
2022-09-14,124.4509,,,3.41,26.16,116.73,
2022-09-15,124.8843,,,3.45,26.27,118.58,
2022-09-16,124.8794,,,3.45,26.3,123.3,
2022-09-17,,,,,,125.98,
2022-09-18,,,,,,131.17,
2022-09-19,125.0104,,,3.49,25.76,65.09,
2022-09-20,125.1248,,,3.57,27.16,78.61,
2022-09-21,125.7399,,,3.51,27.99,70.88,
2022-09-22,126.1667,,,3.7,27.35,139.2,
2022-09-23,127.2853,,,3.69,29.92,133.87,
2022-09-24,,,,,,114.37,
2022-09-25,,,,,,127.96,
2022-09-26,128.4539,,,3.88,32.26,85.96,
2022-09-27,128.4386,,,3.97,32.6,194.98,
2022-09-28,128.0884,,,3.72,30.18,155.79,
2022-09-29,127.5437,,,3.76,31.84,93.12,
2022-09-30,127.5148,,,3.83,31.62,192.84,
2022-10-01,,298.007,3.08,,,101.92,265.08245600682665
2022-10-02,,,,,,296.28,
2022-10-03,127.0813,,,3.67,30.1,146.03,
2022-10-04,126.1819,,,3.62,29.07,148.79,
2022-10-05,126.8616,,,3.76,28.55,153.24,
2022-10-06,127.2493,,,3.83,30.52,168.97,
2022-10-07,127.3111,,,3.89,31.36,139.82,
2022-10-08,,,,,,100.81,
2022-10-09,,,,,,128.12,
2022-10-10,,,,,32.45,181.4,
2022-10-11,127.6641,,,3.93,33.63,155.85,
2022-10-12,128.1481,,,3.91,33.57,186.85,
2022-10-13,127.7286,,,3.97,31.94,169.02,
2022-10-14,128.3325,,,4.0,32.02,180.93,
2022-10-15,,,,,,120.4,
2022-10-16,,,,,,208.79,
2022-10-17,127.6448,,,4.02,31.37,129.16,
2022-10-18,127.9153,,,4.01,30.5,73.35,
2022-10-19,128.3968,,,4.14,30.76,70.66,
2022-10-20,128.0052,,,4.24,29.98,78.35,
2022-10-21,127.6735,,,4.21,29.69,107.34,
2022-10-22,,,,,,72.32,
2022-10-23,,,,,,140.06,
2022-10-24,128.0304,,,4.25,29.85,168.29,
2022-10-25,127.3771,,,4.1,28.46,104.95,
2022-10-26,126.4723,,,4.04,27.28,84.81,
2022-10-27,126.7028,,,3.96,27.39,150.79,
2022-10-28,127.2135,,,4.02,25.75,204.29,
2022-10-29,,,,,,87.03,
2022-10-30,,,,,,114.98,
2022-10-31,127.6219,,,4.1,25.88,161.13,
2022-11-01,127.3987,298.786,3.78,4.07,25.81,127.48,311.34886671932895
2022-11-02,127.3115,,,4.1,25.86,98.2,
2022-11-03,128.1743,,,4.14,25.3,140.73,
2022-11-04,127.1468,,,4.17,24.55,122.07,
2022-11-05,,,,,,66.38,
2022-11-06,,,,,,116.64,
2022-11-07,126.3062,,,4.22,24.35,245.52,
2022-11-08,125.633,,,4.14,25.54,123.6,
2022-11-09,125.9861,,,4.12,26.09,146.6,
2022-11-10,124.7044,,,3.82,23.53,119.57,
2022-11-11,,,,,22.52,183.98,
2022-11-12,,,,,,198.23,
2022-11-13,,,,,,228.73,
2022-11-14,123.4277,,,3.88,23.73,215.52,
2022-11-15,123.039,,,3.8,24.54,95.09,
2022-11-16,123.2817,,,3.67,24.11,107.83,
2022-11-17,123.977,,,3.77,23.93,91.22,
2022-11-18,123.8524,,,3.82,23.12,133.39,
2022-11-19,,,,,,110.6,
2022-11-20,,,,,,255.53,
2022-11-21,124.7009,,,3.83,22.36,122.23,
2022-11-22,124.2365,,,3.76,21.29,125.51,
2022-11-23,123.7574,,,3.71,20.35,183.38,
2022-11-24,,,,,20.42,226.25,
2022-11-25,123.3386,,,3.68,20.5,189.26,
2022-11-26,,,,,,119.31,
2022-11-27,,,,,,173.32,
2022-11-28,123.6032,,,3.69,22.21,183.05,
2022-11-29,123.6615,,,3.75,21.89,90.52,
2022-11-30,123.5175,,,3.68,20.58,89.9,
2022-12-01,122.0045,298.832,4.1,3.53,19.84,177.11,239.85428870142027
2022-12-02,122.0102,,,3.51,19.06,48.03,
2022-12-03,,,,,,83.3,
2022-12-04,,,,,,339.06,
2022-12-05,122.6384,,,3.6,20.75,187.14,
2022-12-06,123.0191,,,3.51,22.17,105.68,
2022-12-07,122.7608,,,3.42,22.68,151.37,
2022-12-08,122.4152,,,3.48,22.29,81.81,
2022-12-09,122.4201,,,3.57,22.83,114.31,
2022-12-10,,,,,,61.0,
2022-12-11,,,,,,223.06,
2022-12-12,122.7714,,,3.61,25.0,169.7,
2022-12-13,121.8493,,,3.51,22.55,122.35,
2022-12-14,121.8226,,,3.49,21.14,120.9,
2022-12-15,122.5519,,,3.44,22.83,114.95,
2022-12-16,122.6505,,,3.48,22.62,99.07,
2022-12-17,,,,,,84.76,
2022-12-18,,,,,,103.12,
2022-12-19,122.5275,,,3.57,22.42,87.27,
2022-12-20,122.1357,,,3.69,21.48,72.84,
2022-12-21,122.2828,,,3.68,20.07,147.63,
2022-12-22,122.2419,,,3.67,21.97,98.69,
2022-12-23,121.9743,,,3.75,20.87,84.14,
2022-12-24,,,,,,73.31,
2022-12-25,,,,,,343.59,
2022-12-26,,,,,,170.29,
2022-12-27,121.7539,,,3.84,21.65,69.63,
2022-12-28,122.0075,,,3.88,22.14,85.9,
2022-12-29,121.6577,,,3.83,21.44,123.69,
2022-12-30,121.4256,,,3.88,21.67,199.3,
2022-12-31,,,,,,162.78,
2023-01-01,,300.42,4.33,,,433.38,217.19917934501004
2023-01-02,,,,,,185.33,
2023-01-03,122.0905,,,3.79,22.9,117.51,
2023-01-04,121.5008,,,3.69,22.01,114.2,
2023-01-05,122.1017,,,3.71,22.46,176.01,
2023-01-06,121.0852,,,3.55,21.13,158.88,
2023-01-07,,,,,,168.63,
2023-01-08,,,,,,204.85,
2023-01-09,120.1508,,,3.53,21.97,152.46,
2023-01-10,120.2483,,,3.61,20.58,386.4,
2023-01-11,120.1614,,,3.54,21.09,363.54,
2023-01-12,119.4218,,,3.43,18.83,189.12,
2023-01-13,119.1673,,,3.49,18.35,141.9,
2023-01-14,,,,,,176.67,
2023-01-15,,,,,,261.68,
2023-01-16,,,,,19.49,166.4,
2023-01-17,119.2121,,,3.53,19.36,73.48,
2023-01-18,119.0755,,,3.37,20.34,310.22,
2023-01-19,119.6107,,,3.39,20.52,106.09,
2023-01-20,119.3486,,,3.48,19.85,119.89,
2023-01-21,,,,,,89.56,
2023-01-22,,,,,,258.78,
2023-01-23,119.1434,,,3.52,19.81,326.16,
2023-01-24,119.0958,,,3.46,19.2,123.28,
2023-01-25,118.9686,,,3.46,19.08,113.38,
2023-01-26,119.021,,,3.49,18.73,72.53,
2023-01-27,118.9223,,,3.52,18.51,110.89,
2023-01-28,,,,,,114.2,
2023-01-29,,,,,,225.17,
2023-01-30,118.8953,,,3.55,19.94,190.98,
2023-01-31,118.9802,,,3.52,19.4,158.19,
2023-02-01,118.6259,301.45,4.57,3.39,17.87,137.21,242.14083289899528
2023-02-02,118.3421,,,3.4,18.73,116.99,
2023-02-03,119.5095,,,3.53,18.33,115.81,
2023-02-04,,,,,,99.82,
2023-02-05,,,,,,90.75,
2023-02-06,120.541,,,3.63,19.43,219.03,
2023-02-07,120.3475,,,3.67,18.66,190.34,
2023-02-08,120.1436,,,3.63,19.63,139.63,
2023-02-09,119.9781,,,3.67,20.71,129.06,
2023-02-10,120.1419,,,3.74,20.53,99.82,
2023-02-11,,,,,,118.66,
2023-02-12,,,,,,54.4,
2023-02-13,119.9828,,,3.72,20.34,70.05,
2023-02-14,119.9229,,,3.77,18.91,105.73,
2023-02-15,120.4557,,,3.81,18.23,200.6,
2023-02-16,120.4651,,,3.86,20.17,223.17,
2023-02-17,120.5526,,,3.82,20.02,97.82,
2023-02-18,,,,,,153.22,
2023-02-19,,,,,,101.26,
2023-02-20,,,,,21.23,88.82,
2023-02-21,120.6256,,,3.95,22.87,68.9,
2023-02-22,120.8389,,,3.93,22.29,140.33,
2023-02-23,121.0896,,,3.88,21.14,188.33,
2023-02-24,121.5681,,,3.95,21.67,82.35,
2023-02-25,,,,,,57.93,
2023-02-26,,,,,,78.14,
2023-02-27,121.3941,,,3.92,20.95,130.62,
2023-02-28,121.3341,,,3.92,20.7,88.38,
2023-03-01,120.6347,301.821,4.65,4.01,20.58,79.33,313.6530364287744
2023-03-02,121.1302,,,4.08,19.59,158.83,
2023-03-03,120.7742,,,3.97,18.49,90.05,
2023-03-04,,,,,,109.74,
2023-03-05,,,,,,120.29,
2023-03-06,120.485,,,3.98,18.61,88.74,
2023-03-07,121.4623,,,3.97,19.59,97.28,
2023-03-08,121.4511,,,3.98,19.11,71.68,
2023-03-09,121.4458,,,3.93,22.61,99.01,
2023-03-10,121.2421,,,3.7,24.8,167.33,
2023-03-11,,,,,,111.64,
2023-03-12,,,,,,63.42,
2023-03-13,120.8897,,,3.55,26.52,226.43,
2023-03-14,121.0141,,,3.64,23.73,246.38,
2023-03-15,122.1079,,,3.51,26.14,165.53,
2023-03-16,121.7221,,,3.56,22.99,191.67,
2023-03-17,121.5643,,,3.39,25.51,236.53,
2023-03-18,,,,,,80.16,
2023-03-19,,,,,,213.92,
2023-03-20,121.0141,,,3.47,24.15,158.68,
2023-03-21,120.8958,,,3.59,21.38,102.69,
2023-03-22,120.6217,,,3.48,22.26,215.3,
2023-03-23,119.7587,,,3.38,22.61,190.0,
2023-03-24,120.4598,,,3.38,21.74,163.72,
2023-03-25,,,,,,132.95,
2023-03-26,,,,,,153.05,
2023-03-27,120.2541,,,3.53,20.6,141.81,
2023-03-28,119.7138,,,3.55,19.97,117.77,
2023-03-29,119.7258,,,3.57,19.12,127.01,
2023-03-30,119.4078,,,3.55,19.02,82.78,
2023-03-31,119.3602,,,3.48,18.7,144.99,
2023-04-01,,302.845,4.83,,,118.19,255.3793500633219
2023-04-02,,,,,,407.69,
2023-04-03,119.3204,,,3.43,18.55,150.38,
2023-04-04,119.142,,,3.35,19.0,154.53,
2023-04-05,119.2953,,,3.3,19.08,108.51,
2023-04-06,119.3072,,,3.3,18.4,40.4,
2023-04-07,119.3547,,,3.39,,65.4,
2023-04-08,,,,,,124.42,
2023-04-09,,,,,,210.2,
2023-04-10,119.7948,,,3.41,18.97,116.65,
2023-04-11,119.5248,,,3.43,19.1,155.38,
2023-04-12,119.003,,,3.41,19.09,109.82,
2023-04-13,118.3915,,,3.45,17.8,258.05,
2023-04-14,118.8567,,,3.52,17.07,38.2,
2023-04-15,,,,,,50.4,
2023-04-16,,,,,,279.06,
2023-04-17,119.2787,,,3.6,16.95,51.34,
2023-04-18,119.1049,,,3.58,16.83,186.52,
2023-04-19,119.303,,,3.6,16.46,128.99,
2023-04-20,119.1199,,,3.54,17.17,98.98,
2023-04-21,119.3117,,,3.57,16.77,118.21,
2023-04-22,,,,,,113.76,
2023-04-23,,,,,,127.64,
2023-04-24,119.2039,,,3.52,16.89,149.57,
2023-04-25,119.613,,,3.4,18.76,111.25,
2023-04-26,119.3228,,,3.43,18.84,135.07,
2023-04-27,119.4298,,,3.53,17.03,157.01,
2023-04-28,119.2248,,,3.44,15.78,94.05,
2023-04-29,,,,,,93.97,
2023-04-30,,,,,,209.08,
2023-05-01,119.4435,303.334,5.06,3.59,16.08,435.03,211.34613104174466
2023-05-02,119.6105,,,3.44,17.78,249.56,
2023-05-03,119.1233,,,3.38,18.34,139.92,
2023-05-04,119.0465,,,3.37,20.09,105.0,
2023-05-05,118.5548,,,3.44,17.19,100.93,
2023-05-06,,,,,,87.09,
2023-05-07,,,,,,152.42,
2023-05-08,118.5759,,,3.52,16.98,311.34,
2023-05-09,118.8239,,,3.53,17.71,163.06,
2023-05-10,118.5864,,,3.43,16.94,69.51,
2023-05-11,119.0303,,,3.39,16.93,155.22,
2023-05-12,119.3671,,,3.46,17.03,190.28,
2023-05-13,,,,,,250.04,
2023-05-14,,,,,,189.55,
2023-05-15,119.1608,,,3.5,17.12,99.1,
2023-05-16,119.1743,,,3.54,17.99,67.14,
2023-05-17,119.607,,,3.57,16.87,113.54,
2023-05-18,120.0886,,,3.65,16.05,210.79,
2023-05-19,119.7751,,,3.7,16.81,111.5,
2023-05-20,,,,,,206.6,
2023-05-21,,,,,,328.45,
2023-05-22,120.0875,,,3.72,17.21,398.71,
2023-05-23,120.3204,,,3.7,18.53,156.99,
2023-05-24,120.4752,,,3.73,20.03,301.54,
2023-05-25,120.8413,,,3.83,19.14,237.84,
2023-05-26,120.6304,,,3.8,17.95,220.29,
2023-05-27,,,,,,154.91,
2023-05-28,,,,,,241.49,
2023-05-29,,,,,17.46,80.39,
2023-05-30,120.5546,,,3.69,17.46,111.1,
2023-05-31,120.9662,,,3.64,17.94,264.79,
2023-06-01,120.0491,304.014,5.08,3.61,15.65,108.62,221.45846707536063
2023-06-02,120.0049,,,3.69,14.6,96.48,
2023-06-03,,,,,,63.27,
2023-06-04,,,,,,150.73,
2023-06-05,120.0048,,,3.69,14.73,133.01,
2023-06-06,119.9718,,,3.7,13.96,62.63,
2023-06-07,119.859,,,3.79,13.94,119.0,
2023-06-08,119.5712,,,3.73,13.65,96.83,
2023-06-09,119.4322,,,3.75,13.83,58.14,
2023-06-10,,,,,,64.39,
2023-06-11,,,,,,90.27,
2023-06-12,119.6376,,,3.73,15.01,204.38,
2023-06-13,119.1899,,,3.84,14.61,110.96,
2023-06-14,118.776,,,3.83,13.88,147.42,
2023-06-15,118.5521,,,3.72,14.5,71.0,
2023-06-16,118.4184,,,3.77,13.54,56.58,
2023-06-17,,,,,,61.35,
2023-06-18,,,,,,126.36,
2023-06-19,,,,,14.19,277.07,
2023-06-20,118.938,,,3.74,13.88,213.08,
2023-06-21,118.727,,,3.72,13.2,65.39,
2023-06-22,118.7552,,,3.8,12.91,72.75,
2023-06-23,119.152,,,3.74,13.44,74.02,
2023-06-24,,,,,,161.0,
2023-06-25,,,,,,340.25,
2023-06-26,119.0761,,,3.72,14.25,150.9,
2023-06-27,118.8949,,,3.77,13.74,127.96,
2023-06-28,119.3382,,,3.71,13.43,152.99,
2023-06-29,119.527,,,3.85,13.54,117.91,
2023-06-30,119.3606,,,3.81,13.59,96.85,
2023-07-01,,304.609,5.12,,,86.8,191.73126185560224
2023-07-02,,,,,,123.9,
2023-07-03,119.2119,,,3.86,13.57,65.32,
2023-07-04,,,,,13.7,60.81,
2023-07-05,119.3483,,,3.95,14.18,137.28,
2023-07-06,119.8193,,,4.05,15.44,40.77,
2023-07-07,119.0761,,,4.06,14.83,93.53,
2023-07-08,,,,,,139.58,
2023-07-09,,,,,,71.88,
2023-07-10,118.9548,,,4.01,15.07,39.18,
2023-07-11,118.7344,,,3.99,14.84,37.82,
2023-07-12,117.6385,,,3.86,13.54,89.22,
2023-07-13,117.1831,,,3.76,13.61,75.95,
2023-07-14,117.0463,,,3.83,13.34,206.65,
2023-07-15,,,,,,53.17,
2023-07-16,,,,,,79.3,
2023-07-17,117.1267,,,3.81,13.48,155.95,
2023-07-18,117.0264,,,3.8,13.3,104.21,
2023-07-19,117.3462,,,3.75,13.76,37.11,
2023-07-20,117.5947,,,3.85,13.99,260.18,
2023-07-21,117.9418,,,3.84,13.6,80.78,
2023-07-22,,,,,,81.81,
2023-07-23,,,,,,142.45,
2023-07-24,117.8124,,,3.86,13.91,105.67,
2023-07-25,117.8565,,,3.91,13.86,37.76,
2023-07-26,117.76,,,3.86,13.19,220.51,
2023-07-27,117.8938,,,4.01,14.41,95.33,
2023-07-28,117.788,,,3.96,13.33,82.35,
2023-07-29,,,,,,108.35,
2023-07-30,,,,,,156.43,
2023-07-31,117.8241,,,3.97,13.63,81.19,
2023-08-01,118.5738,306.082,5.33,4.05,13.93,151.79,175.50515471617388
2023-08-02,119.1268,,,4.08,16.09,121.59,
2023-08-03,119.3963,,,4.2,15.92,62.21,
2023-08-04,118.821,,,4.05,17.1,60.58,
2023-08-05,,,,,,52.64,
2023-08-06,,,,,,85.29,
2023-08-07,119.0809,,,4.09,15.77,59.3,
2023-08-08,119.6407,,,4.02,15.99,49.89,
2023-08-09,119.476,,,4.0,15.96,77.25,
2023-08-10,119.1581,,,4.09,15.85,46.74,
2023-08-11,119.6268,,,4.16,14.84,170.3,
2023-08-12,,,,,,73.28,
2023-08-13,,,,,,64.02,
2023-08-14,120.0725,,,4.19,14.82,236.53,
2023-08-15,120.2127,,,4.21,16.46,53.33,
2023-08-16,120.3551,,,4.28,16.78,128.55,
2023-08-17,120.5242,,,4.3,17.89,101.81,
2023-08-18,120.4321,,,4.26,17.3,36.93,
2023-08-19,,,,,,59.85,
2023-08-20,,,,,,141.46,
2023-08-21,120.4627,,,4.34,17.13,130.14,
2023-08-22,120.3554,,,4.34,16.97,52.69,
2023-08-23,120.0307,,,4.19,15.98,141.21,
2023-08-24,120.2354,,,4.23,17.2,76.47,
2023-08-25,120.5137,,,4.25,15.68,137.35,
2023-08-26,,,,,,172.14,
2023-08-27,,,,,,109.45,
2023-08-28,120.3155,,,4.2,15.08,70.13,
2023-08-29,120.2669,,,4.12,14.45,69.2,
2023-08-30,119.7937,,,4.12,13.88,66.94,
2023-08-31,120.225,,,4.09,13.57,167.14,
2023-09-01,120.759,307.276,5.33,4.18,13.09,57.38,200.63847820558766
2023-09-02,,,,,,141.49,
2023-09-03,,,,,,180.96,
2023-09-04,,,,,13.82,41.29,
2023-09-05,121.4345,,,4.27,14.01,66.39,
2023-09-06,121.8671,,,4.3,14.45,41.02,
2023-09-07,121.9528,,,4.27,14.4,95.66,
2023-09-08,121.9475,,,4.26,13.84,37.05,
2023-09-09,,,,,,65.78,
2023-09-10,,,,,,70.26,
2023-09-11,121.3386,,,4.29,13.8,82.18,
2023-09-12,121.2913,,,4.27,14.23,99.71,
2023-09-13,121.0549,,,4.25,13.48,132.91,
2023-09-14,121.2395,,,4.29,12.82,111.69,
2023-09-15,121.199,,,4.33,13.79,63.69,
2023-09-16,,,,,,29.01,
2023-09-17,,,,,,132.64,
2023-09-18,121.1938,,,4.32,14.0,63.82,
2023-09-19,121.1645,,,4.37,14.11,146.72,
2023-09-20,120.9648,,,4.35,15.14,82.86,
2023-09-21,121.5528,,,4.49,17.54,106.49,
2023-09-22,121.5306,,,4.44,17.2,42.8,
2023-09-23,,,,,,52.98,
2023-09-24,,,,,,62.13,
2023-09-25,122.1143,,,4.55,16.9,14.69,
2023-09-26,122.4742,,,4.56,18.94,143.47,
2023-09-27,122.9895,,,4.61,18.22,150.04,
2023-09-28,122.5342,,,4.59,17.34,111.89,
2023-09-29,122.3077,,,4.59,17.52,136.08,
2023-09-30,,,,,,113.8,
2023-10-01,,307.696,5.33,,,143.15,190.4438086122051
2023-10-02,123.0545,,,4.69,17.61,77.03,
2023-10-03,123.7848,,,4.81,19.78,100.4,
2023-10-04,123.5946,,,4.73,18.58,181.95,
2023-10-05,123.8993,,,4.72,18.49,47.99,
2023-10-06,123.3563,,,4.78,17.45,95.46,
2023-10-07,,,,,,89.38,
2023-10-08,,,,,,228.9,
2023-10-09,,,,,17.7,264.13,
2023-10-10,122.9282,,,4.66,17.03,143.27,
2023-10-11,122.7697,,,4.58,16.09,192.77,
2023-10-12,123.2101,,,4.7,16.69,189.71,
2023-10-13,123.5954,,,4.63,19.32,58.76,
2023-10-14,,,,,,70.39,
2023-10-15,,,,,,512.8,
2023-10-16,123.3185,,,4.71,17.21,136.3,
2023-10-17,123.1202,,,4.83,17.88,97.8,
2023-10-18,123.8148,,,4.91,19.22,90.33,
2023-10-19,123.798,,,4.98,21.4,279.65,
2023-10-20,123.612,,,4.93,21.71,287.49,
2023-10-21,,,,,,82.04,
2023-10-22,,,,,,159.3,
2023-10-23,123.2846,,,4.86,20.37,150.87,
2023-10-24,123.6416,,,4.83,18.97,79.87,
2023-10-25,123.7871,,,4.95,20.19,124.21,
2023-10-26,124.0064,,,4.86,20.68,37.91,
2023-10-27,123.62,,,4.84,21.27,90.17,
2023-10-28,,,,,,57.07,
2023-10-29,,,,,,67.84,
2023-10-30,123.4076,,,4.88,19.75,164.09,
2023-10-31,123.8364,,,4.88,18.14,42.38,
2023-11-01,123.7922,308.148,5.33,4.77,16.87,132.01,207.97210385954006
2023-11-02,122.8818,,,4.67,15.66,58.14,
2023-11-03,121.7564,,,4.57,14.91,72.02,
2023-11-04,,,,,,34.76,
2023-11-05,,,,,,85.27,
2023-11-06,121.6484,,,4.67,14.89,342.88,
2023-11-07,122.0777,,,4.58,14.81,122.59,
2023-11-08,122.0926,,,4.49,14.45,119.34,
2023-11-09,122.1281,,,4.62,15.29,142.71,
2023-11-10,,,,4.61,14.17,127.96,
2023-11-11,,,,,,54.07,
2023-11-12,,,,,,145.04,
2023-11-13,122.4264,,,4.63,14.76,116.21,
2023-11-14,121.35,,,4.44,14.16,198.44,
2023-11-15,121.0749,,,4.53,14.18,68.82,
2023-11-16,121.1754,,,4.45,14.32,149.23,
2023-11-17,120.8477,,,4.44,13.8,168.58,
2023-11-18,,,,,,62.79,
2023-11-19,,,,,,124.34,
2023-11-20,120.2533,,,4.42,13.41,42.9,
2023-11-21,120.2241,,,4.41,13.35,295.43,
2023-11-22,120.6802,,,4.42,12.85,65.95,
2023-11-23,,,,,12.8,15.44,
2023-11-24,120.2105,,,4.47,12.46,94.64,
2023-11-25,,,,,,46.51,
2023-11-26,,,,,,127.55,
2023-11-27,120.173,,,4.39,12.69,89.08,
2023-11-28,119.5904,,,4.34,12.69,101.83,
2023-11-29,119.8159,,,4.27,12.98,83.76,
2023-11-30,120.2434,,,4.37,12.92,147.72,
2023-12-01,119.9424,308.741,5.33,4.22,12.63,38.37,223.02369978288257
2023-12-02,,,,,,56.37,
2023-12-03,,,,,,119.31,
2023-12-04,120.4727,,,4.28,13.08,51.19,
2023-12-05,120.7913,,,4.18,12.85,328.17,
2023-12-06,120.5334,,,4.12,12.97,88.12,
2023-12-07,120.6013,,,4.14,13.06,73.65,
2023-12-08,120.7607,,,4.23,12.35,64.67,
2023-12-09,,,,,,89.99,
2023-12-10,,,,,,178.8,
2023-12-11,120.9279,,,4.23,12.63,117.01,
2023-12-12,120.6817,,,4.2,12.07,36.95,
2023-12-13,121.1571,,,4.04,12.19,95.78,
2023-12-14,119.5683,,,3.92,12.48,89.93,
2023-12-15,119.7382,,,3.91,12.28,61.4,
2023-12-16,,,,,,51.97,
2023-12-17,,,,,,94.75,
2023-12-18,119.9102,,,3.95,12.56,264.75,
2023-12-19,119.4632,,,3.93,12.53,632.37,
2023-12-20,119.5435,,,3.86,13.67,69.49,
2023-12-21,119.3168,,,3.89,13.65,95.99,
2023-12-22,119.0625,,,3.9,13.03,52.02,
2023-12-23,,,,,,174.58,
2023-12-24,,,,,,83.17,
2023-12-25,,,,,,74.35,
2023-12-26,118.8875,,,3.89,12.99,111.18,
2023-12-27,118.4729,,,3.79,12.43,145.72,
2023-12-28,118.4104,,,3.84,12.47,168.59,
2023-12-29,118.4208,,,3.88,12.45,107.55,
2023-12-30,,,,,,131.31,
2023-12-31,,,,,,221.29,
2024-01-01,,309.698,5.33,,,110.48,239.6974681015976
2024-01-02,119.2686,,,3.95,13.2,138.57,
2024-01-03,119.6958,,,3.91,14.04,162.46,
2024-01-04,119.6208,,,3.99,14.13,118.85,
2024-01-05,119.388,,,4.05,13.35,106.49,
2024-01-06,,,,,,145.36,
2024-01-07,,,,,,10.92,
2024-01-08,119.2506,,,4.01,13.08,153.56,
2024-01-09,119.6666,,,4.02,12.76,1026.38,
2024-01-10,119.7614,,,4.04,12.69,73.6,
2024-01-11,119.8916,,,3.98,12.44,57.0,
2024-01-12,119.534,,,3.96,12.7,76.85,
2024-01-13,,,,,,92.97,
2024-01-14,,,,,,126.89,
2024-01-15,,,,,13.25,80.09,
2024-01-16,120.5759,,,4.07,13.84,248.39,
2024-01-17,121.0402,,,4.1,14.79,69.96,
2024-01-18,120.8895,,,4.14,14.13,121.41,
2024-01-19,120.6442,,,4.15,13.3,147.36,
2024-01-20,,,,,,57.76,
2024-01-21,,,,,,142.04,
2024-01-22,120.6178,,,4.11,13.19,175.55,
2024-01-23,121.1001,,,4.14,12.55,71.62,
2024-01-24,120.4916,,,4.18,13.14,91.92,
2024-01-25,120.8311,,,4.14,13.45,114.57,
2024-01-26,120.6173,,,4.15,13.26,85.29,
2024-01-27,,,,,,80.68,
2024-01-28,,,,,,109.4,
2024-01-29,120.8538,,,4.08,13.6,212.58,
2024-01-30,120.6025,,,4.06,13.31,144.27,
2024-01-31,120.4331,,,3.99,14.35,81.76,
2024-02-01,120.3335,310.967,5.33,3.87,13.88,97.99,167.97191002157467
2024-02-02,120.902,,,4.03,13.85,55.14,
2024-02-03,,,,,,95.61,
2024-02-04,,,,,,213.37,
2024-02-05,121.349,,,4.17,13.67,209.6,
2024-02-06,120.9588,,,4.09,13.06,109.35,
2024-02-07,120.9049,,,4.09,12.83,178.57,
2024-02-08,121.0798,,,4.15,12.79,153.72,
2024-02-09,121.039,,,4.17,12.93,67.61,
2024-02-10,,,,,,55.65,
2024-02-11,,,,,,216.31,
2024-02-12,120.9378,,,4.17,13.93,215.18,
2024-02-13,121.5202,,,4.31,15.85,183.22,
2024-02-14,121.4002,,,4.27,14.38,86.93,
2024-02-15,121.2121,,,4.24,14.01,83.03,
2024-02-16,121.1505,,,4.3,14.24,58.32,
2024-02-17,,,,,,147.98,
2024-02-18,,,,,,309.05,
2024-02-19,,,,,14.71,88.77,
2024-02-20,121.0199,,,4.27,15.42,149.95,
2024-02-21,121.0379,,,4.32,15.34,111.52,
2024-02-22,121.102,,,4.33,14.54,70.29,
2024-02-23,121.0369,,,4.26,13.75,117.11,
2024-02-24,,,,,,192.21,
2024-02-25,,,,,,68.12,
2024-02-26,121.0592,,,4.28,13.74,167.77,
2024-02-27,120.9647,,,4.31,13.43,117.39,
2024-02-28,121.128,,,4.27,13.84,143.19,
2024-02-29,121.1824,,,4.25,13.4,105.86,
2024-03-01,121.0111,312.345,5.33,4.19,13.11,58.59,179.48343979338063
2024-03-02,,,,,,72.85,
2024-03-03,,,,,,85.57,
2024-03-04,120.872,,,4.22,13.49,185.31,
2024-03-05,120.8846,,,4.13,14.46,98.25,
2024-03-06,120.4649,,,4.11,14.5,107.93,
2024-03-07,120.1909,,,4.09,14.44,56.71,
2024-03-08,119.975,,,4.09,14.74,36.66,
2024-03-09,,,,,,230.58,
2024-03-10,,,,,,221.18,
2024-03-11,120.0394,,,4.1,15.22,159.06,
2024-03-12,120.1668,,,4.16,13.84,104.69,
2024-03-13,119.9642,,,4.19,13.75,159.16,
2024-03-14,120.241,,,4.29,14.4,69.68,
2024-03-15,120.4003,,,4.31,14.41,181.53,
2024-03-16,,,,,,110.1,
2024-03-17,,,,,,180.66,
2024-03-18,120.5752,,,4.34,14.33,140.24,
2024-03-19,120.9332,,,4.3,13.82,91.96,
2024-03-20,120.9289,,,4.27,13.04,202.01,
2024-03-21,120.8086,,,4.27,12.92,77.59,
2024-03-22,121.1842,,,4.22,13.06,73.05,
2024-03-23,,,,,,147.64,
2024-03-24,,,,,,93.1,
2024-03-25,121.0295,,,4.25,13.19,79.67,
2024-03-26,121.0742,,,4.24,13.24,85.54,
2024-03-27,121.0089,,,4.2,12.78,97.9,
2024-03-28,121.0635,,,4.2,13.01,59.31,
2024-03-29,121.0191,,,,,90.04,
2024-03-30,,,,,,49.51,
2024-03-31,,,,,,89.56,
2024-04-01,121.5151,313.023,5.33,4.33,13.65,113.74,171.26273444832714
2024-04-02,121.3035,,,4.36,14.61,64.34,
2024-04-03,121.0198,,,4.36,14.33,87.02,
2024-04-04,120.7613,,,4.31,16.35,79.84,
2024-04-05,120.9646,,,4.39,16.03,65.9,
2024-04-06,,,,,,286.44,
2024-04-07,,,,,,136.54,
2024-04-08,120.7359,,,4.42,15.19,96.86,
2024-04-09,120.7048,,,4.36,14.98,127.5,
2024-04-10,121.5727,,,4.55,15.8,134.32,
2024-04-11,121.6081,,,4.56,14.91,116.38,
2024-04-12,122.2885,,,4.5,17.31,164.38,
2024-04-13,,,,,,83.15,
2024-04-14,,,,,,351.28,
2024-04-15,122.425,,,4.63,19.23,148.0,
2024-04-16,123.1234,,,4.67,18.4,205.0,
2024-04-17,123.0207,,,4.59,18.21,89.86,
2024-04-18,123.0017,,,4.64,18.0,73.0,
2024-04-19,123.1075,,,4.62,18.71,69.55,
2024-04-20,,,,,,105.0,
2024-04-21,,,,,,129.65,
2024-04-22,123.0609,,,4.62,16.94,63.52,
2024-04-23,122.7227,,,4.61,15.69,50.68,
2024-04-24,122.89,,,4.65,15.97,103.13,
2024-04-25,122.8384,,,4.7,15.37,228.77,
2024-04-26,122.9471,,,4.67,15.03,71.47,
2024-04-27,,,,,,53.88,
2024-04-28,,,,,,105.58,
2024-04-29,122.5449,,,4.63,14.67,80.35,
2024-04-30,122.9853,,,4.69,15.65,111.88,
2024-05-01,123.0168,313.175,5.33,4.63,15.39,52.26,184.16442051498547
2024-05-02,122.4384,,,4.58,14.68,80.5,
2024-05-03,122.1375,,,4.5,13.49,55.72,
2024-05-04,,,,,,43.53,
2024-05-05,,,,,,165.5,
2024-05-06,121.8913,,,4.49,13.49,76.56,
2024-05-07,122.093,,,4.47,13.23,38.92,
2024-05-08,122.1926,,,4.48,13.0,35.93,
2024-05-09,122.1634,,,4.45,12.69,51.54,
2024-05-10,122.014,,,4.5,12.55,103.08,
2024-05-11,,,,,,262.99,
2024-05-12,,,,,,245.08,
2024-05-13,122.0261,,,4.48,13.6,36.94,
2024-05-14,121.9256,,,4.45,13.42,135.19,
2024-05-15,121.3543,,,4.36,12.45,96.41,
2024-05-16,121.2236,,,4.38,12.42,55.17,
2024-05-17,121.2354,,,4.42,11.99,54.29,
2024-05-18,,,,,,71.86,
2024-05-19,,,,,,228.26,
2024-05-20,121.2289,,,4.44,12.15,92.53,
2024-05-21,121.3793,,,4.41,11.86,62.26,
2024-05-22,121.5462,,,4.43,12.29,55.15,
2024-05-23,121.7477,,,4.47,12.77,77.2,
2024-05-24,121.6172,,,4.46,11.93,153.24,
2024-05-25,,,,,,58.73,
2024-05-26,,,,,,40.78,
2024-05-27,,,,,12.36,52.47,
2024-05-28,121.43,,,4.54,12.92,56.95,
2024-05-29,122.1641,,,4.61,14.28,123.02,
2024-05-30,121.9601,,,4.55,14.47,92.78,
2024-05-31,122.098,,,4.51,12.92,72.4,
2024-06-01,,313.044,5.33,,,87.64,173.4343793636483
2024-06-02,,,,,,58.35,
2024-06-03,122.3509,,,4.41,13.11,191.95,
2024-06-04,122.7256,,,4.33,13.16,67.8,
2024-06-05,122.5339,,,4.29,12.63,35.32,
2024-06-06,122.3713,,,4.28,12.58,80.15,
2024-06-07,123.549,,,4.43,12.22,55.59,
2024-06-08,,,,,,102.97,
2024-06-09,,,,,,82.89,
2024-06-10,123.9125,,,4.47,12.74,92.67,
2024-06-11,124.0349,,,4.39,12.85,59.32,
2024-06-12,123.8295,,,4.31,12.04,100.25,
2024-06-13,124.0235,,,4.24,11.94,94.21,
2024-06-14,124.1694,,,4.2,12.66,88.92,
2024-06-15,,,,,,62.45,
2024-06-16,,,,,,48.63,
2024-06-17,124.239,,,4.28,12.75,64.98,
2024-06-18,123.9776,,,4.22,12.3,72.11,
2024-06-19,,,,,12.48,52.65,
2024-06-20,124.192,,,4.25,13.28,89.94,
2024-06-21,124.1086,,,4.25,13.2,76.15,
2024-06-22,,,,,,109.47,
2024-06-23,,,,,,197.14,
2024-06-24,123.7125,,,4.25,13.33,99.49,
2024-06-25,123.9417,,,4.23,12.84,49.78,
2024-06-26,124.26,,,4.32,12.55,66.89,
2024-06-27,124.3379,,,4.29,12.24,88.91,
2024-06-28,124.2103,,,4.36,12.44,56.38,
2024-06-29,,,,,,134.0,
2024-06-30,,,,,,130.99,
2024-07-01,124.4667,313.569,5.33,4.48,12.22,244.08,229.0116408537473
2024-07-02,124.2917,,,4.43,12.03,41.45,
2024-07-03,123.7768,,,4.36,12.09,58.82,
2024-07-04,,,,,12.26,33.75,
2024-07-05,123.4762,,,4.28,12.48,778.95,
2024-07-06,,,,,,307.38,
2024-07-07,,,,,,104.43,
2024-07-08,123.3576,,,4.28,12.37,109.45,
2024-07-09,123.4071,,,4.3,12.51,85.73,
2024-07-10,123.1895,,,4.28,12.85,182.9,
2024-07-11,122.769,,,4.2,12.92,29.57,
2024-07-12,122.4404,,,4.18,12.46,109.49,
2024-07-13,,,,,,275.41,
2024-07-14,,,,,,182.93,
2024-07-15,122.6347,,,4.23,13.12,99.68,
2024-07-16,122.7264,,,4.17,13.19,96.85,
2024-07-17,122.518,,,4.16,14.48,129.38,
2024-07-18,122.7909,,,4.2,15.93,376.84,
2024-07-19,123.147,,,4.25,16.52,88.76,
2024-07-20,,,,,,87.09,
2024-07-21,,,,,,190.99,
2024-07-22,123.2172,,,4.26,14.91,78.76,
2024-07-23,123.3843,,,4.25,14.72,141.71,
2024-07-24,123.5575,,,4.28,18.04,79.17,
2024-07-25,123.5286,,,4.27,18.46,39.71,
2024-07-26,123.672,,,4.2,16.39,68.12,
2024-07-27,,,,,,78.03,
2024-07-28,,,,,,174.08,
2024-07-29,124.1392,,,4.17,16.6,66.23,
2024-07-30,124.2855,,,4.15,17.69,73.45,
2024-07-31,123.6373,,,4.09,16.36,53.04,
2024-08-01,123.8693,314.062,5.33,3.99,18.59,60.98,191.11852025074197
2024-08-02,123.4681,,,3.8,23.39,97.69,
2024-08-03,,,,,,61.69,
2024-08-04,,,,,,89.47,
2024-08-05,123.5787,,,3.78,38.57,150.14,
2024-08-06,123.6532,,,3.9,27.71,207.85,
2024-08-07,123.5698,,,3.96,27.85,53.33,
2024-08-08,123.4466,,,3.99,23.79,18.65,
2024-08-09,122.9276,,,3.94,20.37,122.7,
2024-08-10,,,,,,81.78,
2024-08-11,,,,,,223.61,
2024-08-12,123.2204,,,3.9,20.71,76.44,
2024-08-13,123.0146,,,3.85,18.12,88.36,
2024-08-14,122.4297,,,3.83,16.19,120.48,
2024-08-15,122.5844,,,3.92,15.23,221.13,
2024-08-16,122.3972,,,3.89,14.8,194.96,
2024-08-17,,,,,,142.54,
2024-08-18,,,,,,300.83,
2024-08-19,121.8788,,,3.86,14.65,88.54,
2024-08-20,121.7728,,,3.82,15.88,54.32,
2024-08-21,121.8535,,,3.79,16.27,116.81,
2024-08-22,122.3626,,,3.86,17.55,87.14,
2024-08-23,121.4597,,,3.81,15.86,69.6,
2024-08-24,,,,,,30.03,
2024-08-25,,,,,,100.22,
2024-08-26,121.6943,,,3.82,16.15,63.73,
2024-08-27,121.8672,,,3.83,15.43,35.71,
2024-08-28,121.8943,,,3.84,17.11,64.09,
2024-08-29,122.2333,,,3.87,15.65,92.28,
2024-08-30,122.3262,,,3.91,15.0,60.89,
2024-08-31,,,,,,66.18,
2024-09-01,,314.732,5.13,,,137.9,202.17762371454685
2024-09-02,,,,,15.55,601.26,
2024-09-03,122.7811,,,3.84,20.72,70.88,
2024-09-04,122.5144,,,3.77,21.32,92.74,
2024-09-05,122.4533,,,3.73,19.9,54.83,
2024-09-06,122.4991,,,3.72,22.38,103.01,
2024-09-07,,,,,,57.59,
2024-09-08,,,,,,136.16,
2024-09-09,122.7156,,,3.7,19.45,55.57,
2024-09-10,123.0071,,,3.65,19.08,117.97,
2024-09-11,122.7754,,,3.65,17.69,38.01,
2024-09-12,122.4423,,,3.68,17.07,58.47,
2024-09-13,121.6551,,,3.66,16.56,92.86,
2024-09-14,,,,,,62.32,
2024-09-15,,,,,,76.57,
2024-09-16,121.4976,,,3.63,17.14,59.1,
2024-09-17,121.6031,,,3.65,17.61,110.52,
2024-09-18,121.5618,,,3.7,18.23,152.08,
2024-09-19,121.3059,,,3.73,16.33,126.07,
2024-09-20,121.4052,,,3.73,16.15,66.37,
2024-09-21,,,,,,77.27,
2024-09-22,,,,,,56.52,
2024-09-23,121.4303,,,3.75,15.89,73.57,
2024-09-24,121.1291,,,3.74,15.39,72.44,
2024-09-25,121.4447,,,3.79,15.41,103.88,
2024-09-26,121.0785,,,3.79,15.37,82.08,
2024-09-27,121.1111,,,3.75,16.96,90.48,
2024-09-28,,,,,,53.03,
2024-09-29,,,,,,31.33,
2024-09-30,121.2864,,,3.81,16.73,116.24,
2024-10-01,121.6881,315.631,4.83,3.74,19.26,58.83,204.92841907731767
2024-10-02,121.5724,,,3.79,18.9,133.57,
2024-10-03,122.1197,,,3.85,20.49,76.65,
2024-10-04,122.2197,,,3.98,19.21,74.53,
2024-10-05,,,,,,93.95,
2024-10-06,,,,,,77.36,
2024-10-07,122.4241,,,4.03,22.64,48.33,
2024-10-08,122.6625,,,4.04,21.42,127.04,
2024-10-09,122.8821,,,4.06,20.86,71.55,
2024-10-10,123.0951,,,4.09,20.93,96.67,
2024-10-11,122.9805,,,4.08,20.46,247.06,
2024-10-12,,,,,,211.55,
2024-10-13,,,,,,154.13,
2024-10-14,,,,,19.7,68.25,
2024-10-15,123.5124,,,4.03,20.64,140.41,
2024-10-16,123.9235,,,4.02,19.58,79.68,
2024-10-17,124.1122,,,4.09,19.11,114.8,
2024-10-18,123.9185,,,4.08,18.03,70.12,
2024-10-19,,,,,,89.05,
2024-10-20,,,,,,176.02,
2024-10-21,124.4757,,,4.19,18.37,283.8,
2024-10-22,124.4107,,,4.2,18.2,116.02,
2024-10-23,124.6931,,,4.24,19.24,98.6,
2024-10-24,124.5127,,,4.21,19.08,67.34,
2024-10-25,124.6105,,,4.25,20.33,83.65,
2024-10-26,,,,,,245.79,
2024-10-27,,,,,,187.75,
2024-10-28,124.8076,,,4.28,19.8,75.66,
2024-10-29,124.8612,,,4.28,19.34,88.98,
2024-10-30,124.8153,,,4.29,20.35,70.46,
2024-10-31,124.7988,,,4.28,23.16,107.64,
2024-11-01,124.8076,316.528,4.64,4.37,21.88,116.29,282.5926597399031
2024-11-02,,,,,,384.15,
2024-11-03,,,,,,298.74,
2024-11-04,124.5903,,,4.31,21.98,231.81,
2024-11-05,124.5532,,,4.26,20.49,312.49,
2024-11-06,125.7035,,,4.42,16.27,142.57,
2024-11-07,124.775,,,4.31,15.2,323.52,
2024-11-08,125.5811,,,4.3,14.94,308.41,
2024-11-09,,,,,,125.18,
2024-11-10,,,,,,484.55,
2024-11-11,,,,,14.97,386.33,
2024-11-12,126.7762,,,4.43,14.71,225.35,
2024-11-13,126.9572,,,4.44,14.02,170.4,
2024-11-14,127.0015,,,4.43,14.31,135.73,
2024-11-15,126.8848,,,4.43,16.14,268.42,
2024-11-16,,,,,,154.6,
2024-11-17,,,,,,450.74,
2024-11-18,126.6045,,,4.42,15.58,463.22,
2024-11-19,126.3994,,,4.39,16.35,214.05,
2024-11-20,126.88,,,4.41,17.16,181.81,
2024-11-21,127.1047,,,4.43,16.87,219.91,
2024-11-22,127.4712,,,4.41,15.24,135.37,
2024-11-23,,,,,,104.89,
2024-11-24,,,,,,311.54,
2024-11-25,126.9948,,,4.27,14.6,87.75,
2024-11-26,127.4301,,,4.3,14.1,150.15,
2024-11-27,126.8205,,,4.25,14.1,132.14,
2024-11-28,,,,,13.9,162.72,
2024-11-29,126.5798,,,4.18,13.51,174.81,
2024-11-30,,,,,,123.13,
2024-12-01,,317.604,4.48,,,140.43,327.5750370944677
2024-12-02,127.1272,,,4.19,13.34,78.68,
2024-12-03,126.9565,,,4.23,13.3,92.19,
2024-12-04,126.7574,,,4.19,13.45,177.91,
2024-12-05,126.4286,,,4.17,13.54,97.39,
2024-12-06,126.688,,,4.15,12.77,390.69,
2024-12-07,,,,,,376.57,
2024-12-08,,,,,,114.97,
2024-12-09,126.5981,,,4.2,14.19,233.8,
2024-12-10,126.957,,,4.22,14.18,218.39,
2024-12-11,126.8483,,,4.26,13.58,219.72,
2024-12-12,126.9556,,,4.32,13.92,125.44,
2024-12-13,127.3096,,,4.4,13.81,141.68,
2024-12-14,,,,,,167.31,
2024-12-15,,,,,,244.9,
2024-12-16,127.2687,,,4.39,14.69,288.93,
2024-12-17,127.5043,,,4.4,15.87,86.94,
2024-12-18,127.6418,,,4.5,27.62,251.99,
2024-12-19,128.6366,,,4.57,24.09,171.71,
2024-12-20,127.893,,,4.52,18.36,180.8,
2024-12-21,,,,,,180.08,
2024-12-22,,,,,,381.65,
2024-12-23,128.3021,,,4.59,16.78,139.02,
2024-12-24,128.3377,,,4.59,14.27,252.18,
2024-12-25,,,,,,190.79,
2024-12-26,128.3329,,,4.58,14.73,118.16,
2024-12-27,128.45,,,4.62,15.95,104.31,
2024-12-28,,,,,,150.11,
2024-12-29,,,,,,167.91,
2024-12-30,128.8205,,,4.55,17.4,138.37,
2024-12-31,129.2775,,,4.58,17.35,109.44,
2025-01-01,,318.961,4.33,,,202.92,309.1073681757701
2025-01-02,129.4598,,,4.57,17.93,188.9,
2025-01-03,129.4535,,,4.6,16.13,167.41,
2025-01-04,,,,,,213.62,
2025-01-05,,,,,,571.19,
2025-01-06,128.538,,,4.62,16.04,222.31,
2025-01-07,128.613,,,4.67,17.82,260.94,
2025-01-08,129.0785,,,4.67,17.7,212.01,
2025-01-09,129.2827,,,4.68,18.07,230.71,
2025-01-10,129.8664,,,4.77,19.54,147.76,
2025-01-11,,,,,,403.4,
2025-01-12,,,,,,678.32,
2025-01-13,130.0413,,,4.79,19.19,179.6,
2025-01-14,129.3812,,,4.78,18.71,185.4,
2025-01-15,129.2092,,,4.66,16.12,110.72,
2025-01-16,129.436,,,4.61,16.6,134.68,
2025-01-17,129.4859,,,4.61,15.97,173.63,
2025-01-18,,,,,,234.19,
2025-01-19,,,,,,508.27,
2025-01-20,,,,,15.81,193.71,
2025-01-21,128.4151,,,4.57,15.06,225.37,
2025-01-22,128.3402,,,4.6,15.1,121.77,
2025-01-23,128.2162,,,4.65,15.02,176.52,
2025-01-24,127.4611,,,4.63,14.85,189.16,
2025-01-25,,,,,,159.12,
2025-01-26,,,,,,178.55,
2025-01-27,128.0912,,,4.53,17.9,159.42,
2025-01-28,128.2817,,,4.55,16.41,262.69,
2025-01-29,128.3418,,,4.55,16.56,342.27,
2025-01-30,128.1004,,,4.52,15.84,293.51,
2025-01-31,128.4828,,,4.58,16.43,495.78,
2025-02-01,,319.679,4.33,,,256.1,327.7075661569745
2025-02-02,,,,,,314.4,
2025-02-03,129.109,,,4.54,18.62,327.16,
2025-02-04,128.1083,,,4.52,17.21,393.35,
2025-02-05,127.9751,,,4.43,15.77,226.19,
2025-02-06,128.2017,,,4.45,15.5,372.45,
2025-02-07,128.4292,,,4.49,16.54,332.89,
2025-02-08,,,,,,578.84,
2025-02-09,,,,,,613.98,
2025-02-10,128.6382,,,4.51,15.81,290.34,
2025-02-11,128.4322,,,4.54,16.02,230.88,
2025-02-12,128.3288,,,4.62,15.89,285.28,
2025-02-13,127.8931,,,4.52,15.1,236.69,
2025-02-14,127.1491,,,4.47,14.77,297.91,
2025-02-15,,,,,,229.66,
2025-02-16,,,,,,294.91,
2025-02-17,,,,,15.37,372.7,
2025-02-18,127.2906,,,4.55,15.35,280.36,
2025-02-19,127.7317,,,4.53,15.27,341.49,
2025-02-20,127.1126,,,4.5,15.66,367.92,
2025-02-21,127.1408,,,4.42,18.21,375.62,
2025-02-22,,,,,,203.15,
2025-02-23,,,,,,476.69,
2025-02-24,127.1921,,,4.4,18.98,355.9,
2025-02-25,127.3752,,,4.3,19.43,232.14,
2025-02-26,127.2822,,,4.25,19.1,275.17,
2025-02-27,127.9704,,,4.29,21.13,288.54,
2025-02-28,128.2805,,,4.24,19.63,345.22,
2025-03-01,,319.785,4.33,,,522.4,468.84279693223056
2025-03-02,,,,,,476.54,
2025-03-03,127.75,,,4.16,22.78,429.75,
2025-03-04,127.9966,,,4.22,23.51,447.53,
2025-03-05,126.504,,,4.28,21.93,391.3,
2025-03-06,126.1099,,,4.29,24.87,726.26,
2025-03-07,125.9814,,,4.32,23.37,556.7,
2025-03-08,,,,,,684.13,
2025-03-09,,,,,,714.21,
2025-03-10,126.268,,,4.22,27.86,403.78,
2025-03-11,126.0457,,,4.28,26.92,704.03,
2025-03-12,125.8664,,,4.32,24.23,433.5,
2025-03-13,126.0031,,,4.27,24.66,463.36,
2025-03-14,125.6942,,,4.31,21.77,442.46,
2025-03-15,,,,,,494.6,
2025-03-16,,,,,,731.78,
2025-03-17,125.3688,,,4.31,20.51,649.53,
2025-03-18,125.488,,,4.29,21.7,614.24,
2025-03-19,125.8006,,,4.25,19.9,565.45,
2025-03-20,125.985,,,4.24,19.8,458.66,
2025-03-21,126.2679,,,4.25,19.28,390.35,
2025-03-22,,,,,,488.06,
2025-03-23,,,,,,538.36,
2025-03-24,126.1956,,,4.34,17.48,498.84,
2025-03-25,126.0535,,,4.31,17.15,472.98,
2025-03-26,126.2364,,,4.35,18.33,316.49,
2025-03-27,126.3626,,,4.38,18.69,313.11,
2025-03-28,126.4187,,,4.27,21.65,362.44,
2025-03-29,,,,,,284.53,
2025-03-30,,,,,,612.15,
2025-03-31,126.7075,,,4.23,22.28,426.16,
2025-04-01,126.4338,320.302,4.33,4.17,21.77,642.48,623.3520453984211
2025-04-02,126.3811,,,4.2,21.51,445.6,
2025-04-03,124.7316,,,4.06,30.02,438.93,
2025-04-04,125.8129,,,4.01,45.31,550.44,
2025-04-05,,,,,,975.6,
2025-04-06,,,,,,773.67,
2025-04-07,126.8282,,,4.15,46.98,574.97,
2025-04-08,126.8668,,,4.26,52.33,565.99,
2025-04-09,126.628,,,4.34,33.62,590.08,
2025-04-10,125.089,,,4.4,40.72,623.53,
2025-04-11,124.0163,,,4.48,37.56,833.81,
2025-04-12,,,,,,589.49,
2025-04-13,,,,,,910.15,
2025-04-14,123.6598,,,4.38,30.89,495.65,
2025-04-15,123.776,,,4.35,30.12,371.94,
2025-04-16,123.2724,,,4.29,32.64,505.79,
2025-04-17,123.1298,,,4.34,29.65,508.01,
2025-04-18,122.9865,,,,,417.47,
2025-04-19,,,,,,431.85,
2025-04-20,,,,,,526.52,
2025-04-21,122.3145,,,4.42,33.82,407.95,
2025-04-22,122.4175,,,4.41,30.57,439.04,
2025-04-23,123.0252,,,4.4,28.45,337.82,
2025-04-24,122.9251,,,4.32,26.47,419.9,
2025-04-25,122.8858,,,4.29,24.84,515.91,
2025-04-26,,,,,,473.09,
2025-04-27,,,,,,664.45,
2025-04-28,122.7176,,,4.23,25.15,787.79,
2025-04-29,122.5944,,,4.19,24.17,575.26,
2025-04-30,122.5921,,,4.17,24.7,433.1,
2025-05-01,123.1405,320.62,4.33,4.25,24.6,890.82,511.6903036177236
2025-05-02,122.4962,,,4.33,22.68,592.35,
2025-05-03,,,,,,706.16,
2025-05-04,,,,,,636.65,
2025-05-05,122.2613,,,4.36,23.64,346.64,
2025-05-06,122.0417,,,4.3,24.76,553.82,
2025-05-07,122.117,,,4.26,23.55,428.17,
2025-05-08,122.7568,,,4.37,22.48,567.82,
2025-05-09,122.5191,,,4.37,21.9,535.71,
2025-05-10,,,,,,676.42,
2025-05-11,,,,,,777.17,
2025-05-12,123.4863,,,4.45,18.39,667.23,
2025-05-13,122.9583,,,4.49,18.22,512.95,
2025-05-14,122.6746,,,4.53,18.62,776.77,
2025-05-15,122.8174,,,4.45,17.83,469.0,
2025-05-16,123.0737,,,4.43,17.24,516.56,
2025-05-17,,,,,,581.6,
2025-05-18,,,,,,681.45,
2025-05-19,122.4186,,,4.46,18.14,390.58,
2025-05-20,122.3199,,,4.48,18.09,408.7,
2025-05-21,121.7496,,,4.58,20.87,319.48,
2025-05-22,122.0429,,,4.54,20.28,283.69,
2025-05-23,121.3837,,,4.51,22.29,328.74,
2025-05-24,,,,,,247.2,
2025-05-25,,,,,,353.81,
2025-05-26,,,,,20.57,293.68,
2025-05-27,121.6099,,,4.43,18.96,409.58,
2025-05-28,121.9888,,,4.47,19.31,282.29,
2025-05-29,121.5617,,,4.43,19.18,340.04,
2025-05-30,121.7674,,,4.41,18.57,514.0,
2025-05-31,,,,,,389.5,
2025-06-01,,321.435,4.33,,,902.62,368.5934566761253
2025-06-02,121.1881,,,4.46,18.36,445.03,
2025-06-03,121.4592,,,4.46,17.69,475.75,
2025-06-04,121.0539,,,4.37,17.61,420.42,
2025-06-05,120.9596,,,4.4,18.48,340.8,
2025-06-06,121.161,,,4.51,16.77,351.94,
2025-06-07,,,,,,367.07,
2025-06-08,,,,,,620.59,
2025-06-09,120.9103,,,4.49,17.16,328.87,
2025-06-10,121.0485,,,4.47,16.95,273.63,
2025-06-11,120.587,,,4.41,17.26,281.91,
2025-06-12,120.1723,,,4.36,18.02,484.65,
2025-06-13,120.3245,,,4.41,20.82,270.05,
2025-06-14,,,,,,346.92,
2025-06-15,,,,,,534.57,
2025-06-16,120.1565,,,4.46,19.11,340.61,
2025-06-17,120.5048,,,4.39,21.6,445.72,
2025-06-18,120.7305,,,4.38,20.14,477.28,
2025-06-19,,,,,22.17,315.71,
2025-06-20,121.0408,,,4.38,20.62,326.33,
2025-06-21,,,,,,252.25,
2025-06-22,,,,,,463.29,
2025-06-23,121.1694,,,4.34,19.83,229.7,
2025-06-24,120.3645,,,4.3,17.48,326.19,
2025-06-25,120.3336,,,4.29,16.76,342.66,
2025-06-26,119.6451,,,4.26,16.59,239.86,
2025-06-27,119.659,,,4.29,16.32,305.07,
2025-06-28,,,,,,385.22,
2025-06-29,,,,,,583.73,
2025-06-30,119.4088,,,4.24,16.73,511.44,
2025-07-01,119.3436,322.169,4.33,4.26,16.83,444.86,406.88756978050156
2025-07-02,119.3037,,,4.3,16.64,376.21,
2025-07-03,119.2382,,,4.35,16.38,750.31,
2025-07-04,,,,,17.48,631.92,
2025-07-05,,,,,,352.05,
2025-07-06,,,,,,489.75,
2025-07-07,119.6201,,,4.4,17.79,406.62,
2025-07-08,119.8371,,,4.42,16.81,226.19,
2025-07-09,119.7311,,,4.34,15.94,270.45,
2025-07-10,119.8343,,,4.35,15.78,539.55,
2025-07-11,119.9214,,,4.43,16.4,322.44,
2025-07-12,,,,,,356.31,
2025-07-13,,,,,,347.85,
2025-07-14,120.2209,,,4.43,17.2,379.41,
2025-07-15,120.5105,,,4.5,17.38,573.74,
2025-07-16,120.4175,,,4.46,17.16,468.19,
2025-07-17,120.6384,,,4.47,16.52,444.91,
2025-07-18,120.356,,,4.44,16.41,428.28,
2025-07-19,,,,,,405.06,
2025-07-20,,,,,,513.08,
2025-07-21,119.9961,,,4.38,16.65,289.39,
2025-07-22,119.681,,,4.35,16.5,220.87,
2025-07-23,119.5697,,,4.4,15.37,233.7,
2025-07-24,119.5664,,,4.43,15.39,301.78,
2025-07-25,119.9857,,,4.4,14.93,227.42,
2025-07-26,,,,,,175.31,
2025-07-27,,,,,,221.77,
2025-07-28,120.6149,,,4.42,15.03,282.48,
2025-07-29,120.9674,,,4.34,15.98,199.35,
2025-07-30,121.4042,,,4.38,15.48,274.14,
2025-07-31,121.721,,,4.37,16.72,378.15,
2025-08-01,121.2122,323.291,4.33,4.23,20.38,563.27,343.339059719265
2025-08-02,,,,,,401.51,
2025-08-03,,,,,,660.0,
2025-08-04,120.9859,,,4.22,17.52,259.95,
2025-08-05,120.9082,,,4.22,17.85,251.56,
2025-08-06,120.5082,,,4.22,16.77,229.33,
2025-08-07,120.5043,,,4.23,16.57,280.6,
2025-08-08,120.3329,,,4.27,15.15,239.92,
2025-08-09,,,,,,190.2,
2025-08-10,,,,,,327.82,
2025-08-11,120.6892,,,4.27,16.25,309.88,
2025-08-12,120.2736,,,4.29,14.73,275.89,
2025-08-13,120.13,,,4.24,14.49,241.27,
2025-08-14,120.6446,,,4.29,14.83,199.49,
2025-08-15,120.3377,,,4.33,15.09,323.06,
2025-08-16,,,,,,274.55,
2025-08-17,,,,,,242.09,
2025-08-18,120.5622,,,4.34,14.99,336.75,
2025-08-19,120.7224,,,4.3,15.57,216.13,
2025-08-20,120.7757,,,4.29,15.69,177.74,
2025-08-21,121.0843,,,4.33,16.6,158.27,
2025-08-22,120.2774,,,4.26,14.22,155.54,
2025-08-23,,,,,,224.66,
2025-08-24,,,,,,483.1,
2025-08-25,120.4214,,,4.28,14.79,467.56,
2025-08-26,120.5274,,,4.26,14.62,441.53,
2025-08-27,120.7274,,,4.24,14.85,269.38,
2025-08-28,120.2595,,,4.22,14.43,279.5,
2025-08-29,120.2082,,,4.23,15.36,250.15,
2025-08-30,,,,,,458.07,
2025-08-31,,,,,,326.52,
2025-09-01,,324.245,4.22,,16.12,223.11,308.47823098184006
2025-09-02,120.6837,,,4.28,17.17,488.48,
2025-09-03,120.5052,,,4.22,16.35,185.22,
2025-09-04,120.7629,,,4.17,15.3,388.69,
2025-09-05,120.1282,,,4.1,15.18,601.23,
2025-09-06,,,,,,309.36,
2025-09-07,,,,,,301.49,
2025-09-08,120.0971,,,4.05,15.11,319.23,
2025-09-09,120.1569,,,4.08,15.04,243.41,
2025-09-10,120.1223,,,4.04,15.35,280.99,
2025-09-11,119.9534,,,4.01,14.71,311.82,
2025-09-12,120.0611,,,4.06,14.76,268.43,
2025-09-13,,,,,,214.76,
2025-09-14,,,,,,629.68,
2025-09-15,119.5644,,,4.05,15.69,273.8,
2025-09-16,119.1348,,,4.04,16.36,243.91,
2025-09-17,119.1582,,,4.06,15.72,400.05,
2025-09-18,119.6616,,,4.11,15.7,284.37,
2025-09-19,119.7858,,,4.14,15.45,204.23,
2025-09-20,,,,,,187.61,
2025-09-21,,,,,,610.55,
2025-09-22,119.8152,,,4.15,16.1,548.21,
2025-09-23,119.6202,,,4.12,16.64,248.3,
2025-09-24,120.1707,,,4.16,16.18,356.04,
2025-09-25,120.5419,,,4.18,16.74,190.78,
2025-09-26,120.4349,,,4.2,15.29,409.49,
2025-09-27,,,,,,310.97,
2025-09-28,,,,,,534.23,
2025-09-29,120.115,,,4.15,16.12,282.61,
2025-09-30,120.1368,,,4.16,16.28,406.64,
2025-10-01,120.1502,,4.09,4.12,16.29,307.12,404.8730524836602
2025-10-02,120.4296,,,4.1,16.63,438.91,
2025-10-03,120.0881,,,4.13,16.65,306.79,
2025-10-04,,,,,,359.09,
2025-10-05,,,,,,547.04,
2025-10-06,120.2722,,,4.18,16.37,326.43,
2025-10-07,120.4884,,,4.14,17.24,225.8,
2025-10-08,120.7766,,,4.13,16.3,354.2,
2025-10-09,121.0902,,,4.14,16.43,391.93,
2025-10-10,121.1163,,,4.05,21.66,314.78,
2025-10-11,,,,,,230.57,
2025-10-12,,,,,,571.89,
2025-10-13,,,,,19.03,401.18,
2025-10-14,121.1822,,,4.03,20.81,444.68,
2025-10-15,120.8642,,,4.05,20.64,160.15,
2025-10-16,120.6698,,,3.99,25.31,363.38,
2025-10-17,120.7028,,,4.02,20.78,551.3,
2025-10-18,,,,,,304.61,
2025-10-19,,,,,,399.42,
2025-10-20,120.6209,,,4.0,18.23,338.92,
2025-10-21,120.8895,,,3.98,17.87,279.64,
2025-10-22,120.8958,,,3.97,18.6,490.22,
2025-10-23,120.9531,,,4.01,17.3,226.47,
2025-10-24,120.9345,,,4.02,16.37,327.22,
2025-10-25,,,,,,198.82,
2025-10-26,,,,,,483.74,
2025-10-27,120.7988,,,4.01,15.79,386.2,
2025-10-28,120.6361,,,3.99,16.42,269.14,
2025-10-29,120.5312,,,4.08,16.92,260.35,
2025-10-30,121.2832,,,4.11,16.91,280.03,
2025-10-31,121.3859,,,4.11,17.44,439.77,
2025-11-01,,325.063,3.88,,,495.89,371.09535172579444
2025-11-02,,,,,,335.63,
2025-11-03,121.4512,,,4.13,17.17,5.39,
2025-11-04,121.8271,,,4.1,19.0,285.7,
2025-11-05,121.8482,,,4.17,18.01,300.81,
2025-11-06,121.6948,,,4.11,19.5,316.74,
2025-11-07,121.388,,,4.11,19.08,337.82,
2025-11-08,,,,,,598.34,
2025-11-09,,,,,,494.36,
2025-11-10,121.2984,,,4.13,17.6,473.61,
2025-11-11,,,,,17.28,332.87,
2025-11-12,121.0458,,,4.08,17.51,224.47,
2025-11-13,120.7725,,,4.11,20.0,475.99,
2025-11-14,120.9666,,,4.14,19.83,302.37,
2025-11-15,,,,,,255.94,
2025-11-16,,,,,,403.64,
2025-11-17,121.1146,,,4.13,22.38,575.78,
2025-11-18,121.2127,,,4.12,24.69,617.41,
2025-11-19,121.4978,,,4.13,23.66,226.6,
2025-11-20,121.6889,,,4.1,26.42,312.65,
2025-11-21,121.8653,,,4.06,23.43,265.43,
2025-11-22,,,,,,182.64,
2025-11-23,,,,,,354.59,
2025-11-24,121.9171,,,4.04,20.52,199.1,
2025-11-25,121.6335,,,4.01,18.56,323.74,
2025-11-26,121.2437,,,4.0,17.19,231.59,
2025-11-27,,,,,17.21,334.67,
2025-11-28,121.0527,,,4.02,16.35,323.26,
2025-11-29,,,,,,168.25,
2025-11-30,,,,,,321.03,
2025-12-01,120.9862,326.031,3.72,4.09,17.24,257.88,
2025-12-02,121.1467,,,4.09,16.59,292.27,
2025-12-03,120.7336,,,4.06,16.08,357.52,
2025-12-04,120.6766,,,4.11,15.78,520.11,
2025-12-05,120.6863,,,4.14,15.41,236.11,
2025-12-06,,,,,,113.63,
2025-12-07,,,,,,354.92,
2025-12-08,120.776,,,4.17,16.66,483.24,
2025-12-09,120.6832,,,4.18,16.93,583.98,
2025-12-10,120.6752,,,4.13,15.77,336.6,
2025-12-11,119.98,,,4.14,14.85,524.45,
2025-12-12,120.1442,,,4.19,15.74,355.26,
2025-12-13,,,,,,629.56,
2025-12-14,,,,,,418.09,
2025-12-15,119.9561,,,4.18,16.5,254.98,
2025-12-16,119.8902,,,4.15,16.48,258.94,
2025-12-17,120.155,,,4.16,17.62,230.87,
2025-12-18,120.0528,,,4.12,16.87,350.41,
2025-12-19,120.1652,,,4.16,14.91,313.6,
2025-12-20,,,,,,283.5,
2025-12-21,,,,,,547.81,
2025-12-22,119.9912,,,4.17,14.08,238.58,
2025-12-23,119.7057,,,4.18,14.0,264.35,
2025-12-24,119.4372,,,4.15,13.47,204.03,
2025-12-25,,,,,,181.39,
2025-12-26,119.4723,,,4.14,13.6,513.83,
2025-12-27,,,,,,281.48,
2025-12-28,,,,,,462.89,
2025-12-29,119.5899,,,4.12,14.2,445.72,
2025-12-30,119.4939,,,4.14,14.33,305.8,
2025-12-31,119.7456,,,4.18,14.95,307.63,
2026-01-01,,326.588,3.64,,,288.09,
2026-01-02,119.6059,,,4.19,14.51,296.92,
2026-01-03,,,,,,314.9,
2026-01-04,,,,,,552.46,
2026-01-05,119.6192,,,4.17,14.9,539.83,
2026-01-06,119.7807,,,4.18,14.75,251.35,
2026-01-07,119.8719,,,4.15,15.38,253.69,
2026-01-08,120.0904,,,4.19,15.45,474.73,
2026-01-09,120.2215,,,4.18,14.49,231.37,
2026-01-10,,,,,,310.71,
2026-01-11,,,,,,375.53,
2026-01-12,119.9958,,,4.19,15.12,281.74,
2026-01-13,120.1401,,,4.18,15.98,357.58,
2026-01-14,119.9537,,,4.15,16.75,369.14,
2026-01-15,119.9951,,,4.17,15.84,409.97,
2026-01-16,120.0838,,,4.24,15.86,257.45,
2026-01-17,,,,,,193.48,
2026-01-18,,,,,,349.32,
2026-01-19,,,,,18.84,355.15,
2026-01-20,119.4455,,,4.3,20.09,360.3,
2026-01-21,119.3431,,,4.26,16.9,541.38,
2026-01-22,119.1962,,,4.26,15.64,474.48,
2026-01-23,118.8976,,,4.24,16.09,308.57,
2026-01-24,,,,,,410.43,
2026-01-25,,,,,,547.97,
2026-01-26,118.0525,,,4.22,16.15,289.49,
2026-01-27,117.4523,,,4.24,16.35,402.55,
2026-01-28,117.5117,,,4.26,16.35,343.94,
2026-01-29,117.4396,,,4.24,16.88,248.94,
2026-01-30,117.8996,,,4.26,17.44,211.46,
2026-01-31,,,,,,239.36,
2026-02-01,,327.46,3.64,,,298.23,
2026-02-02,118.3609,,,4.29,16.34,196.39,
2026-02-03,117.9764,,,4.28,18.0,321.6,
2026-02-04,118.2602,,,4.29,18.64,303.36,
2026-02-05,118.5034,,,4.21,21.77,291.35,
2026-02-06,118.2407,,,4.22,17.76,176.17,
2026-02-07,,,,,,523.6,
2026-02-08,,,,,,486.27,
2026-02-09,117.6392,,,4.22,17.36,221.9,
2026-02-10,117.5216,,,4.16,17.79,205.87,
2026-02-11,117.4601,,,4.18,17.65,251.66,
2026-02-12,117.5376,,,4.09,20.82,438.29,
2026-02-13,117.5258,,,4.04,20.6,337.34,
2026-02-14,,,,,,361.7,
2026-02-15,,,,,,343.98,
2026-02-16,,,,,21.2,280.85,
2026-02-17,117.7375,,,4.05,20.29,278.08,
2026-02-18,117.8426,,,4.09,19.62,238.41,
2026-02-19,118.2354,,,4.08,20.23,493.8,
2026-02-20,117.9917,,,4.08,19.09,473.44,
2026-02-21,,,,,,412.53,
2026-02-22,,,,,,625.08,
2026-02-23,117.9395,,,4.03,21.01,695.45,
2026-02-24,117.9463,,,4.04,19.55,672.61,
2026-02-25,117.769,,,4.05,17.93,369.63,
2026-02-26,117.9042,,,4.02,18.63,316.67,
2026-02-27,117.8223,,,3.97,19.86,321.28,
2026-02-28,,,,,,150.66,
2026-03-01,,,,,,380.81,
2026-03-02,118.667,,,4.05,21.44,440.62,
2026-03-03,119.4341,,,4.06,23.57,546.37,
2026-03-04,119.0705,,,4.09,21.15,223.81,
2026-03-05,119.5683,,,4.13,23.75,394.16,
2026-03-06,119.491,,,4.15,29.49,471.83,
2026-03-07,,,,,,352.71,
2026-03-08,,,,,,774.38,
2026-03-09,119.5151,,,4.12,25.5,456.71,
2026-03-10,118.7255,,,4.15,24.93,269.97,
2026-03-11,119.2885,,,4.21,24.23,423.96,
2026-03-12,119.8227,,,4.27,27.29,341.84,
2026-03-13,120.5518,,,4.28,27.19,457.29,
2026-03-14,,,,,,427.43,
2026-03-15,,,,,,480.48,
2026-03-16,120.097,,,4.23,23.51,242.96,
2026-03-17,119.8328,,,4.2,22.37,334.55,
2026-03-18,119.9276,,,4.26,25.09,334.17,
2026-03-19,120.1802,,,4.25,24.06,353.56,
2026-03-20,120.2757,,,4.39,26.78,319.96,
2026-03-21,,,,,,529.63,
2026-03-22,,,,,,564.7,
2026-03-23,,,,4.34,26.15,486.73,
